"SubscriptionName";"SubscriptionId";"TotalNonCompliant";"NoTags";"MissingRequiredTags";"AffectedRGCount";"AffectedRGs";"AffectedResTypes";"AuditDate"
"AT Storage Azure Enterprise";"7444afba-8425-409c-9cf4-6e1de6aeff9d";"1";"0";"1";"1";"Storage";"Microsoft.RecoveryServices/vaults";"2026-04-03 10:04:36"
"AU Microsoft Azure Enterprise";"b24fc1cd-c185-4f96-87f1-4ad94a40a59e";"1";"0";"1";"1";"AU-SRV-BACKUP";"Microsoft.RecoveryServices/vaults";"2026-04-03 10:04:41"
"Azure subscription 1";"27839da1-b248-4b12-9c03-e23d9bef348f";"1";"0";"1";"1";"AU-SRV-BACKUP";"Microsoft.RecoveryServices/vaults";"2026-04-03 10:04:39"
"BE Storage Azure Enterprise";"3128a48b-402c-438b-a90d-47e2ae66f8f6";"1";"0";"1";"1";"Storage";"Microsoft.RecoveryServices/vaults";"2026-04-03 10:04:36"
"BG Storage Azure Enterprise";"ae84e67e-d14a-4733-b672-9f5e490f04ae";"2";"0";"2";"1";"SOO";"Microsoft.RecoveryServices/vaults | Microsoft.Storage/storageAccounts";"2026-04-03 10:04:38"
"BR Storage Azure Enterprise";"faffb1af-ed72-4366-8046-e64526b3caa1";"13";"0";"13";"4";"AzureBackupRG_brazilsouth_1 | BR_SRV_BACKUP | BRsistemas | NetworkWatcherRG";"Microsoft.Compute/restorePointCollections | Microsoft.Compute/sshPublicKeys | Microsoft.KeyVault/vaults | Microsoft.Network/bastionHosts | Microsoft.Network/networkInterfaces | Microsoft.Network/networkWatchers | Microsoft.Network/publicIPAddresses | Microsoft.Network/virtualNetworks | Microsoft.OperationalInsights/workspaces | Microsoft.RecoveryServices/vaults | Microsoft.Storage/storageAccounts";"2026-04-03 10:04:40"
"CA Storage Azure Enterprise";"e784bae2-a9f8-4796-9049-36d925d1bf5d";"2";"0";"2";"1";"CABackupGroup";"Microsoft.RecoveryServices/vaults | Microsoft.Storage/storageAccounts";"2026-04-03 10:04:40"
"CH Storage Azure Enterprise";"c488edeb-57c8-432c-913a-8406d1d4e1e3";"1";"0";"1";"1";"Storage";"Microsoft.RecoveryServices/vaults";"2026-04-03 10:04:40"
"Cloud Subscription";"5ba8d920-a52a-4f6b-ad9f-e90210573281";"7";"7";"0";"1";"PR_MSProposalRG";"Microsoft.BillingBenefits/discounts | Microsoft.BillingBenefits/maccs";"2026-04-03 10:04:41"
"CN Storage Azure Enterprise";"2337966a-1865-4fba-934f-d4082b8b2a6d";"1";"0";"1";"1";"CN-Storage-Resource-Group";"Microsoft.Storage/storageAccounts";"2026-04-03 10:04:42"
"CZ Storage Azure Enterprise";"82415abf-f1c5-4972-bb63-534ce1451656";"1";"0";"1";"1";"Storage";"Microsoft.RecoveryServices/vaults";"2026-04-03 10:04:41"
"DE Storage Azure Entreprise";"777d4dae-f4db-4e40-af7f-ab03d04b152e";"1";"0";"1";"1";"Storage";"Microsoft.RecoveryServices/vaults";"2026-04-03 10:04:41"
"DK Storage Azure Entreprise";"d66f2ffb-7a65-449e-8c4c-5245b1508366";"1";"0";"1";"1";"Storage";"Microsoft.RecoveryServices/vaults";"2026-04-03 10:04:42"
"DSI Azure Enterprise";"9a47fe87-e578-4757-b327-359a9981d716";"45";"0";"45";"5";"LogAnalyticsDefaultResources | NetworkWatcherRG | PFSAMECM | RG-LA-001 | rg-la-001";"Microsoft.Automation/automationAccounts | Microsoft.Automation/automationAccounts/runbooks | Microsoft.Compute/virtualMachineScaleSets | Microsoft.Insights/dataCollectionEndpoints | Microsoft.Insights/dataCollectionRules | microsoft.insights/workbooks | Microsoft.KeyVault/vaults | Microsoft.ManagedIdentity/userAssignedIdentities | Microsoft.Network/loadBalancers | Microsoft.Network/networkSecurityGroups | Microsoft.Network/networkWatchers | microsoft.network/networkWatchers/flowLogs | Microsoft.Network/publicIPAddresses | Microsoft.Network/virtualNetworks | microsoft.operationalInsights/querypacks | Microsoft.OperationalInsights/workspaces | Microsoft.Storage/storageAccounts";"2026-04-03 10:04:43"
"DSI DT Azure Enterprise";"2e2a6511-b975-4cc4-869f-fa9f0a45d413";"1";"0";"1";"1";"DZGroupRessource";"Microsoft.RecoveryServices/vaults";"2026-04-03 10:04:43"
"DSI PDT";"8b59dbc4-04d1-4ad8-aead-aa2101633336";"4";"0";"4";"2";"AIP_Analytics | DSISecurityPFSAAuditLogs";"Microsoft.OperationalInsights/workspaces | Microsoft.Storage/storageAccounts";"2026-04-03 10:04:43"
"DSI Security Azure Entreprise";"3469662c-de7e-45bb-92c2-fed4e8ab93f5";"7";"0";"7";"1";"RG-LOGS-ANALYTICS";"microsoft.insights/workbooks | Microsoft.Logic/workflows | Microsoft.OperationalInsights/workspaces | Microsoft.Web/connections";"2026-04-03 10:04:44"
"DZ Storage Azure Enterprise";"6609375e-96eb-4049-bab3-36779fb00e00";"7";"0";"7";"1";"RG-LOGS-ANALYTICS";"microsoft.insights/workbooks | Microsoft.Logic/workflows | Microsoft.OperationalInsights/workspaces | Microsoft.Web/connections";"2026-04-03 10:04:44"
"FR Storage Azure Enterprise";"90bb6bac-430f-4a70-8509-24206630418d";"2";"0";"2";"2";"GB_BOREHAMWOOD2 | GB_READING";"Microsoft.RecoveryServices/vaults";"2026-04-03 10:04:45"
"FR VSTS Azure Subscription";"7d56f57f-c32d-4813-9636-781985889517";"1";"0";"1";"1";"cloudboost-storage";"Microsoft.Storage/storageAccounts";"2026-04-03 10:04:45"
"FR2-LOGS-ANALYTICS";"aeaaa74d-839b-4e94-9a20-fd2ec8421e08";"33";"0";"33";"4";"gr_training_website | GR_TRAINING_WEBSITE | LogAnalyticsDefaultResources | NetworkWatcherRG";"Microsoft.Compute/availabilitySets | Microsoft.Compute/disks | Microsoft.Compute/virtualMachines | Microsoft.Compute/virtualMachines/extensions | Microsoft.DBforMySQL/flexibleServers | Microsoft.Network/bastionHosts | Microsoft.Network/loadBalancers | Microsoft.Network/networkInterfaces | Microsoft.Network/networkSecurityGroups | Microsoft.Network/networkWatchers | microsoft.network/networkWatchers/flowLogs | Microsoft.Network/privateDnsZones | Microsoft.Network/privateDnsZones/virtualNetworkLinks | Microsoft.Network/privateEndpoints | Microsoft.Network/publicIPAddresses | Microsoft.Network/virtualNetworks | microsoft.operationalInsights/querypacks | Microsoft.Storage/storageAccounts";"2026-04-03 10:04:46"
"GB Storage Azure Entreprise";"a1f0733f-9662-4d8a-a0c2-b1a1050d6e3a";"2";"0";"2";"1";"HK-BACKUPS";"Microsoft.RecoveryServices/vaults";"2026-04-03 10:04:46"
"GR Storage Azure Enterprise";"3b1ce85a-904c-4876-8d80-9df82bd9b425";"3";"0";"3";"3";"be2021 | ITBackupStorage | itstorageacronis01";"Microsoft.RecoveryServices/vaults | Microsoft.Storage/storageAccounts";"2026-04-03 10:04:47"
"GR Training WebSite Azure Entreprise";"d38b1d73-ae9d-4700-a574-76522ef8953f";"1";"0";"1";"1";"JP-SRV-BACKUP";"Microsoft.RecoveryServices/vaults";"2026-04-03 10:04:47"
"HK Storage Azure Enterprise";"9f50315b-5bba-4287-a69d-945c28559eac";"1";"0";"1";"1";"JP-SRV-BACKUP";"Microsoft.RecoveryServices/vaults";"2026-04-03 10:04:48"
"IT Storage Azure Enterprise";"ac642714-a903-43a9-80e3-ce76e911f655";"1";"0";"1";"1";"KR-SRV-BACKUP-RESSOURCE";"Microsoft.RecoveryServices/vaults";"2026-04-03 10:04:49"
"JP Storage Azure Enterprise";"47ae2058-8870-4080-9155-e9a3df1d136a";"1";"0";"1";"1";"LBBackup";"Microsoft.RecoveryServices/vaults";"2026-04-03 10:04:49"
"KR Storage Azure Enterprise";"f76b2c34-d8d0-4ee1-b6af-b50428a8265f";"13";"0";"13";"5";"MAGroupeRessoucesMigration | MAGroupeRessources | magrouperessourcesnas | NetworkWatcherRG | testVM";"Microsoft.KeyVault/vaults | Microsoft.Migrate/assessmentProjects | Microsoft.Migrate/migrateprojects | Microsoft.Network/networkInterfaces | Microsoft.Network/networkSecurityGroups | Microsoft.Network/networkWatchers | microsoft.network/networkWatchers/flowLogs | Microsoft.Network/publicIPAddresses | Microsoft.Network/virtualNetworks | microsoft.offazure/ImportSites | Microsoft.RecoveryServices/vaults | Microsoft.Storage/storageAccounts";"2026-04-03 10:04:49"
"Microsoft Azure Enterprise";"c7e6d92b-a38a-4ad0-a5e7-af2d4a600310";"406";"0";"406";"22";"DefaultResourceGroup-PAR | DefaultResourceGroup-WEU | NetworkWatcherRG | pfa-aia1-d-rsg-spoke-network | pfa-aia1-p-rsg-spoke-network | rg-pf-aia-dev | rg-pf-aia-dev-aifoundry-001 | rg-pf-aia-dev-chatbot | rg-pf-aia-dev-iarest | rg-pf-aia-dev-vision | rg-pf-aia-mistrallarge2407-dev | rg-pf-aia-mistrallarge2407-prd | rg-pf-aia-mistralnemo-dev | rg-pf-aia-mistralnemo-prd | rg-pf-aia-mistralocr2503-dev | rg-pf-aia-mistralocr2503-prd | rg-pf-aia-prd | rg-pf-aia-prd-aifoundry-001 | rg-pf-aia-prd-chatbot | rg-pf-aia-prd-iarest | rg-pf-aia-stg-chatbot | rg-pf-aia-stg-iarest";"microsoft.alertsmanagement/smartDetectorAlertRules | Microsoft.Bing/accounts | Microsoft.CognitiveServices/accounts | Microsoft.CognitiveServices/accounts/projects | Microsoft.DocumentDb/databaseAccounts | microsoft.insights/actiongroups | microsoft.insights/components | microsoft.insights/metricalerts | Microsoft.KeyVault/vaults | Microsoft.Logic/workflows | Microsoft.MachineLearningServices/workspaces | Microsoft.MachineLearningServices/workspaces/serverlessEndpoints | Microsoft.Network/ipGroups | Microsoft.Network/networkInterfaces | Microsoft.Network/networkSecurityGroups | Microsoft.Network/networkWatchers | microsoft.network/networkWatchers/flowLogs | Microsoft.Network/privateEndpoints | Microsoft.Network/routeTables | Microsoft.Network/virtualNetworks | Microsoft.OperationalInsights/workspaces | Microsoft.Portal/dashboards | Microsoft.RecoveryServices/vaults | Microsoft.Search/searchServices | Microsoft.Storage/storageAccounts | Microsoft.Web/connections | Microsoft.Web/serverFarms | Microsoft.Web/sites | Microsoft.Web/sites/slots";"2026-04-03 10:04:51"
"pf-aia-dev";"1b038d14-5235-4df7-ad84-5d3d163e3ba3";"36";"0";"36";"8";"AzureBackupRG_westeurope_1 | NetworkWatcherRG | networkwatcherrg | rg-pf-alt-prd-backup-001 | rg-pf-alt-prd-compute-001 | RG-PF-ALT-PRD-COMPUTE-001 | rg-pf-alt-prd-data-001 | rg-pf-alt-prd-network-001";"Microsoft.Compute/availabilitySets | Microsoft.Compute/disks | Microsoft.Compute/restorePointCollections | Microsoft.Compute/virtualMachines | Microsoft.Compute/virtualMachines/extensions | Microsoft.DataProtection/BackupVaults | Microsoft.Network/ipGroups | Microsoft.Network/networkInterfaces | Microsoft.Network/networkSecurityGroups | Microsoft.Network/networkWatchers | Microsoft.Network/networkWatchers/flowLogs | microsoft.network/networkWatchers/flowLogs | Microsoft.Network/privateEndpoints | Microsoft.Network/routeTables | Microsoft.Network/virtualNetworks | Microsoft.RecoveryServices/vaults | Microsoft.Storage/storageAccounts";"2026-04-03 10:04:53"
"pf-aia-prd";"49e146ac-f646-4ff3-8624-157c29368fbf";"93";"2";"91";"10";"AzureBackupRG_westeurope_1 | NetworkWatcherRG | rg-pf-ata-prd-agent-sap-001 | RG-PF-ATA-PRD-AGENT-SAP-001 | rg-pf-ata-prd-app-001 | RG-PF-ATA-PRD-APP-001 | rg-pf-ata-prd-backup-001 | rg-pf-ata-prd-data-001 | rg-pf-ata-prd-monitoring-001 | rg-pf-ata-prd-network-001";"Microsoft.Compute/availabilitySets | Microsoft.Compute/disks | Microsoft.Compute/restorePointCollections | Microsoft.Compute/virtualMachines | Microsoft.Compute/virtualMachines/extensions | Microsoft.DataProtection/BackupVaults | Microsoft.EventGrid/systemTopics | microsoft.insights/actiongroups | Microsoft.Insights/dataCollectionRules | microsoft.insights/metricalerts | Microsoft.Network/ipGroups | Microsoft.Network/networkIntentPolicies | Microsoft.Network/networkInterfaces | Microsoft.Network/networkSecurityGroups | Microsoft.Network/networkWatchers | microsoft.network/networkWatchers/flowLogs | Microsoft.Network/privateEndpoints | Microsoft.Network/routeTables | Microsoft.Network/serviceEndpointPolicies | Microsoft.Network/virtualNetworks | Microsoft.OperationalInsights/workspaces | Microsoft.RecoveryServices/vaults | Microsoft.Sql/managedInstances | Microsoft.Sql/managedInstances/databases | Microsoft.Sql/virtualClusters | Microsoft.Storage/storageAccounts";"2026-04-03 10:04:54"
"pf-alt-prd";"92ef112c-d661-41cc-b9a6-4b1eb694fb51";"60";"1";"59";"9";"AzureBackupRG_westeurope_1 | NetworkWatcherRG | rg-pf-ata-stg-agent-sap-001 | rg-pf-ata-stg-app-001 | RG-PF-ATA-STG-APP-001 | rg-pf-ata-stg-backup-001 | rg-pf-ata-stg-data-001 | rg-pf-ata-stg-monitoring-001 | rg-pf-ata-stg-network-001";"Microsoft.Compute/availabilitySets | Microsoft.Compute/disks | Microsoft.Compute/restorePointCollections | Microsoft.Compute/snapshots | Microsoft.Compute/virtualMachines | Microsoft.Compute/virtualMachines/extensions | Microsoft.DataProtection/BackupVaults | microsoft.insights/actiongroups | Microsoft.Insights/dataCollectionRules | microsoft.insights/metricalerts | Microsoft.Network/ipGroups | Microsoft.Network/networkIntentPolicies | Microsoft.Network/networkInterfaces | Microsoft.Network/networkSecurityGroups | Microsoft.Network/networkWatchers | microsoft.network/networkWatchers/flowLogs | Microsoft.Network/privateEndpoints | Microsoft.Network/routeTables | Microsoft.Network/serviceEndpointPolicies | Microsoft.Network/virtualNetworks | Microsoft.OperationalInsights/workspaces | Microsoft.RecoveryServices/vaults | Microsoft.Sql/managedInstances | Microsoft.Sql/managedInstances/databases | Microsoft.Sql/virtualClusters | Microsoft.Storage/storageAccounts";"2026-04-03 10:04:55"
"pf-apm-poc";"1ebe6b6f-e6a7-4401-bdf3-7f5b67f02625";"60";"1";"59";"9";"AzureBackupRG_westeurope_1 | NetworkWatcherRG | rg-pf-ata-stg-agent-sap-001 | rg-pf-ata-stg-app-001 | RG-PF-ATA-STG-APP-001 | rg-pf-ata-stg-backup-001 | rg-pf-ata-stg-data-001 | rg-pf-ata-stg-monitoring-001 | rg-pf-ata-stg-network-001";"Microsoft.Compute/availabilitySets | Microsoft.Compute/disks | Microsoft.Compute/restorePointCollections | Microsoft.Compute/snapshots | Microsoft.Compute/virtualMachines | Microsoft.Compute/virtualMachines/extensions | Microsoft.DataProtection/BackupVaults | microsoft.insights/actiongroups | Microsoft.Insights/dataCollectionRules | microsoft.insights/metricalerts | Microsoft.Network/ipGroups | Microsoft.Network/networkIntentPolicies | Microsoft.Network/networkInterfaces | Microsoft.Network/networkSecurityGroups | Microsoft.Network/networkWatchers | microsoft.network/networkWatchers/flowLogs | Microsoft.Network/privateEndpoints | Microsoft.Network/routeTables | Microsoft.Network/serviceEndpointPolicies | Microsoft.Network/virtualNetworks | Microsoft.OperationalInsights/workspaces | Microsoft.RecoveryServices/vaults | Microsoft.Sql/managedInstances | Microsoft.Sql/managedInstances/databases | Microsoft.Sql/virtualClusters | Microsoft.Storage/storageAccounts";"2026-04-03 10:04:54"
"pf-ata-prd";"2e216032-21d5-4c59-9c12-30c9bdd75fcd";"60";"1";"59";"9";"AzureBackupRG_westeurope_1 | NetworkWatcherRG | rg-pf-ata-stg-agent-sap-001 | rg-pf-ata-stg-app-001 | RG-PF-ATA-STG-APP-001 | rg-pf-ata-stg-backup-001 | rg-pf-ata-stg-data-001 | rg-pf-ata-stg-monitoring-001 | rg-pf-ata-stg-network-001";"Microsoft.Compute/availabilitySets | Microsoft.Compute/disks | Microsoft.Compute/restorePointCollections | Microsoft.Compute/snapshots | Microsoft.Compute/virtualMachines | Microsoft.Compute/virtualMachines/extensions | Microsoft.DataProtection/BackupVaults | microsoft.insights/actiongroups | Microsoft.Insights/dataCollectionRules | microsoft.insights/metricalerts | Microsoft.Network/ipGroups | Microsoft.Network/networkIntentPolicies | Microsoft.Network/networkInterfaces | Microsoft.Network/networkSecurityGroups | Microsoft.Network/networkWatchers | microsoft.network/networkWatchers/flowLogs | Microsoft.Network/privateEndpoints | Microsoft.Network/routeTables | Microsoft.Network/serviceEndpointPolicies | Microsoft.Network/virtualNetworks | Microsoft.OperationalInsights/workspaces | Microsoft.RecoveryServices/vaults | Microsoft.Sql/managedInstances | Microsoft.Sql/managedInstances/databases | Microsoft.Sql/virtualClusters | Microsoft.Storage/storageAccounts";"2026-04-03 10:04:55"
"pf-ata-stg";"78a6ba6d-01cf-4ff0-b18a-9a447cfa5fc3";"60";"1";"59";"9";"AzureBackupRG_westeurope_1 | NetworkWatcherRG | rg-pf-ata-stg-agent-sap-001 | rg-pf-ata-stg-app-001 | RG-PF-ATA-STG-APP-001 | rg-pf-ata-stg-backup-001 | rg-pf-ata-stg-data-001 | rg-pf-ata-stg-monitoring-001 | rg-pf-ata-stg-network-001";"Microsoft.Compute/availabilitySets | Microsoft.Compute/disks | Microsoft.Compute/restorePointCollections | Microsoft.Compute/snapshots | Microsoft.Compute/virtualMachines | Microsoft.Compute/virtualMachines/extensions | Microsoft.DataProtection/BackupVaults | microsoft.insights/actiongroups | Microsoft.Insights/dataCollectionRules | microsoft.insights/metricalerts | Microsoft.Network/ipGroups | Microsoft.Network/networkIntentPolicies | Microsoft.Network/networkInterfaces | Microsoft.Network/networkSecurityGroups | Microsoft.Network/networkWatchers | microsoft.network/networkWatchers/flowLogs | Microsoft.Network/privateEndpoints | Microsoft.Network/routeTables | Microsoft.Network/serviceEndpointPolicies | Microsoft.Network/virtualNetworks | Microsoft.OperationalInsights/workspaces | Microsoft.RecoveryServices/vaults | Microsoft.Sql/managedInstances | Microsoft.Sql/managedInstances/databases | Microsoft.Sql/virtualClusters | Microsoft.Storage/storageAccounts";"2026-04-03 10:04:55"
"pf-c4r-dev";"b69b39fe-f023-4e53-8138-e7b6d1f53a61";"22";"0";"22";"6";"NetworkWatcherRG | networkwatcherrg | rg-pf-c4r-dev-backup-001 | rg-pf-c4r-dev-copilot4research-001 | rg-pf-c4r-dev-data-001 | rg-pf-c4r-dev-network-001";"Microsoft.DataProtection/BackupVaults | Microsoft.KeyVault/vaults | Microsoft.Network/ipGroups | Microsoft.Network/networkInterfaces | Microsoft.Network/networkSecurityGroups | Microsoft.Network/networkWatchers | Microsoft.Network/networkWatchers/flowLogs | Microsoft.Network/privateEndpoints | Microsoft.Network/routeTables | Microsoft.Network/virtualNetworks | Microsoft.RecoveryServices/vaults | Microsoft.Storage/storageAccounts | Microsoft.Web/serverFarms | Microsoft.Web/sites";"2026-04-03 10:04:55"
"pf-c4r-prd";"17a37d39-3349-4e22-8f4b-cfd19970fc3e";"37";"0";"37";"9";"AzureBackupRG_westeurope_1 | NetworkWatcherRG | networkwatcherrg | rg-pf-ctera-poc-backup-001 | rg-pf-ctera-poc-compute-001 | RG-PF-CTERA-POC-COMPUTE-001 | rg-pf-ctera-poc-monitoring | rg-pf-ctera-poc-net-001 | rg-pf-ctera-poc-storage-001";"Microsoft.Compute/disks | Microsoft.Compute/restorePointCollections | Microsoft.Compute/virtualMachines | Microsoft.Insights/dataCollectionEndpoints | Microsoft.Insights/dataCollectionRules | Microsoft.Network/networkInterfaces | Microsoft.Network/networkSecurityGroups | Microsoft.Network/networkWatchers | Microsoft.Network/networkWatchers/flowLogs | microsoft.network/networkWatchers/flowLogs | Microsoft.Network/privateDnsZones | Microsoft.Network/privateDnsZones/virtualNetworkLinks | Microsoft.Network/privateEndpoints | Microsoft.Network/routeTables | Microsoft.Network/virtualNetworks | Microsoft.OperationalInsights/workspaces | Microsoft.RecoveryServices/vaults | Microsoft.Storage/storageAccounts";"2026-04-03 10:04:58"
"pf-c4r-stg";"1d12b325-a955-41e0-b603-d9262e006320";"108";"0";"108";"11";"AzureBackupRG_westeurope_1 | DefaultResourceGroup-WEU | networkwatcherrg | NetworkWatcherRG | pfa-das1-s-rsg-backup | pfa-das1-s-rsg-encrypt | pfa-das1-s-rsg-spoke-network | pfa-dcsa-p-rsg-asc | RG-PF-DAS-STG | rg-pf-das-stg | rg-pf-das-stg-bck";"Microsoft.Compute/diskEncryptionSets | Microsoft.Compute/disks | Microsoft.Compute/restorePointCollections | Microsoft.Compute/snapshots | Microsoft.Compute/virtualMachines | Microsoft.Compute/virtualMachines/extensions | Microsoft.DBforPostgreSQL/flexibleServers | Microsoft.DevTestLab/schedules | microsoft.insights/actiongroups | microsoft.insights/activityLogAlerts | Microsoft.Insights/dataCollectionRules | microsoft.insights/metricalerts | Microsoft.KeyVault/vaults | Microsoft.Network/ipGroups | Microsoft.Network/networkInterfaces | Microsoft.Network/networkSecurityGroups | Microsoft.Network/networkWatchers | Microsoft.Network/networkWatchers/flowLogs | Microsoft.Network/privateDnsZones | Microsoft.Network/privateDnsZones/virtualNetworkLinks | Microsoft.Network/routeTables | Microsoft.Network/virtualNetworks | Microsoft.OperationalInsights/workspaces | Microsoft.RecoveryServices/vaults | Microsoft.Security/automations";"2026-04-03 10:04:57"
"pf-ctera-poc";"0250fb93-fa71-4926-aadc-5f6ecad1e806";"212";"0";"212";"17";"AzureBackupRG_westeurope_1 | DefaultResourceGroup-WEU | MC_pfa-dfs1-p-rsg-spoke-prd_aks-pf-dfs-p-research_westeurope | mc_pfa-dfs1-p-rsg-spoke-prd_aks-pf-dfs-p-research_westeurope | NetworkWatcherRG | networkwatcherrg | pfa-dcsa-p-rsg-asc | pfa-dfs1-p-rsg-backup | pfa-dfs1-p-rsg-encrypt | pfa-dfs1-p-rsg-governance | pfa-dfs1-p-rsg-spoke-network | pfa-dfs1-p-rsg-spoke-prd | PFA-DFS1-P-RSG-SPOKE-PRD | rg-pf-dfs-prd-dcpc-001 | rg-pf-dfs-prd-mc-vmss | RG-PF-DFS-PRD-MC-VMSS | rg-pf-dfs-prd-mut-001";"microsoft.alertsmanagement/smartDetectorAlertRules | Microsoft.Compute/diskEncryptionSets | Microsoft.Compute/disks | Microsoft.Compute/galleries | Microsoft.Compute/galleries/images | Microsoft.Compute/galleries/images/versions | Microsoft.Compute/restorePointCollections | Microsoft.Compute/snapshots | Microsoft.Compute/virtualMachines | Microsoft.Compute/virtualMachines/extensions | Microsoft.Compute/virtualMachineScaleSets | Microsoft.ContainerRegistry/registries | Microsoft.ContainerRegistry/registries/replications | Microsoft.ContainerService/managedClusters | Microsoft.DBforPostgreSQL/flexibleServers | Microsoft.DevTestLab/schedules | microsoft.insights/actiongroups | microsoft.insights/activityLogAlerts | microsoft.insights/autoscalesettings | Microsoft.Insights/autoscalesettings | microsoft.insights/components | Microsoft.Insights/dataCollectionEndpoints | Microsoft.Insights/dataCollectionRules | microsoft.insights/metricalerts | microsoft.insights/scheduledqueryrules | Microsoft.KeyVault/vaults | Microsoft.ManagedIdentity/userAssignedIdentities | Microsoft.Network/ipGroups | Microsoft.Network/loadBalancers | Microsoft.Network/networkInterfaces | Microsoft.Network/networkSecurityGroups | Microsoft.Network/networkWatchers | Microsoft.Network/networkWatchers/flowLogs | microsoft.network/networkWatchers/flowLogs | Microsoft.Network/privateDnsZones | Microsoft.Network/privateDnsZones/virtualNetworkLinks | Microsoft.Network/privateEndpoints | Microsoft.Network/publicIPAddresses | Microsoft.Network/routeTables | Microsoft.Network/virtualNetworks | Microsoft.OperationalInsights/workspaces | Microsoft.Portal/dashboards | Microsoft.RecoveryServices/vaults | Microsoft.Security/automations | Microsoft.Storage/storageAccounts | Microsoft.Web/serverFarms | Microsoft.Web/sites";"2026-04-03 10:04:58"
"pf-das-prd";"633be0c2-c99b-4c04-8cc2-99794f566935";"108";"0";"108";"11";"AzureBackupRG_westeurope_1 | DefaultResourceGroup-WEU | NetworkWatcherRG | networkwatcherrg | pfa-das1-s-rsg-backup | pfa-das1-s-rsg-encrypt | pfa-das1-s-rsg-spoke-network | pfa-dcsa-p-rsg-asc | RG-PF-DAS-STG | rg-pf-das-stg | rg-pf-das-stg-bck";"Microsoft.Compute/diskEncryptionSets | Microsoft.Compute/disks | Microsoft.Compute/restorePointCollections | Microsoft.Compute/snapshots | Microsoft.Compute/virtualMachines | Microsoft.Compute/virtualMachines/extensions | Microsoft.DBforPostgreSQL/flexibleServers | Microsoft.DevTestLab/schedules | microsoft.insights/actiongroups | microsoft.insights/activityLogAlerts | Microsoft.Insights/dataCollectionRules | microsoft.insights/metricalerts | Microsoft.KeyVault/vaults | Microsoft.Network/ipGroups | Microsoft.Network/networkInterfaces | Microsoft.Network/networkSecurityGroups | Microsoft.Network/networkWatchers | Microsoft.Network/networkWatchers/flowLogs | Microsoft.Network/privateDnsZones | Microsoft.Network/privateDnsZones/virtualNetworkLinks | Microsoft.Network/routeTables | Microsoft.Network/virtualNetworks | Microsoft.OperationalInsights/workspaces | Microsoft.RecoveryServices/vaults | Microsoft.Security/automations";"2026-04-03 10:04:57"
"pf-das-stg";"1fd75d0f-1229-4b8f-a9ee-235b1fd8ac60";"1372";"1";"1371";"45";"AzureBackupRG_westeurope_1 | dashboards | DefaultResourceGroup-PAR | DefaultResourceGroup-WEU | defaultresourcegroup-weu | LogAnalyticsDefaultResources | MA_defaultazuremonitorworkspace-weu_westeurope_managed | mc_rg-pf-dmp-dev_aks-pf-dmp-d-121_westeurope | MC_rg-pf-dmp-dev_aks-pf-dmp-d-121_westeurope | MC_RG-PF-DMP-DEV_AKS-PF-DMP-D-121_WESTEUROPE | NetworkWatcherRG | pfa-dcsa-p-rsg-asc | pfa-dmp1-d-rsg-backup | pfa-dmp1-d-rsg-spoke-backup | pfa-dmp1-d-rsg-spoke-encrypt | pfa-dmp1-d-rsg-spoke-network | rg-ext-d-monitoring-espace-pro | rg-pf-alt-poc | RG-PF-ALT-POC | rg-pf-dmp-dev | RG-PF-DMP-DEV | rg-pf-dmp-dev-adf | rg-pf-dmp-dev-afl-001 | rg-pf-dmp-dev-bck | rg-pf-dmp-dev-data-aks-001 | rg-pf-dmp-dev-datamonitoring-001 | rg-pf-dmp-dev-dataportal | rg-pf-dmp-dev-dcpc-001 | rg-pf-dmp-dev-denodo | rg-pf-dmp-dev-dfs-poc | rg-pf-dmp-dev-dfsdmp | RG-PF-DMP-DEV-DFSDMP | rg-pf-dmp-dev-functions-001 | rg-pf-dmp-dev-mat | RG-PF-DMP-DEV-MAT | rg-pf-dmp-dev-mc-dataingestion | rg-pf-dmp-dev-mc-vmss | rg-pf-dmp-dev-monitoring-web-sites | rg-pf-dmp-dev-mut-001 | rg-pf-dmp-dev-scc | rg-pf-dmp-dev-smi | rg-velero | test | VMPFGDMPWTABD01_GROUP | vmpfgdmpwtabd01_group";"Microsoft.AlertsManagement/prometheusRuleGroups | microsoft.alertsmanagement/smartDetectorAlertRules | Microsoft.Batch/batchAccounts | Microsoft.CognitiveServices/accounts | Microsoft.Compute/diskEncryptionSets | Microsoft.Compute/disks | Microsoft.Compute/galleries | Microsoft.Compute/galleries/images | Microsoft.Compute/galleries/images/versions | Microsoft.Compute/restorePointCollections | Microsoft.Compute/snapshots | Microsoft.Compute/sshPublicKeys | Microsoft.Compute/virtualMachines | microsoft.compute/virtualMachines/extensions | Microsoft.Compute/virtualMachines/extensions | Microsoft.Compute/virtualMachineScaleSets | Microsoft.ContainerRegistry/registries | Microsoft.ContainerRegistry/registries/webhooks | Microsoft.ContainerService/managedClusters | microsoft.dashboard/grafana | Microsoft.DataFactory/factories | Microsoft.DBforPostgreSQL/flexibleServers | Microsoft.DBforPostgreSQL/serverGroupsv2 | Microsoft.DevTestLab/schedules | Microsoft.DocumentDb/databaseAccounts | Microsoft.EventGrid/systemTopics | microsoft.insights/actiongroups | Microsoft.Insights/actiongroups | microsoft.insights/activityLogAlerts | microsoft.insights/autoscalesettings | microsoft.insights/components | Microsoft.Insights/dataCollectionEndpoints | Microsoft.Insights/dataCollectionRules | microsoft.insights/metricalerts | Microsoft.KeyVault/vaults | Microsoft.Logic/workflows | Microsoft.ManagedIdentity/userAssignedIdentities | microsoft.monitor/accounts | Microsoft.Network/ipGroups | Microsoft.Network/loadBalancers | Microsoft.Network/networkInterfaces | Microsoft.Network/networkSecurityGroups | Microsoft.Network/networkWatchers | microsoft.network/networkWatchers/flowLogs | Microsoft.Network/privateDnsZones | Microsoft.Network/privateDnsZones/virtualNetworkLinks | Microsoft.Network/privateEndpoints | Microsoft.Network/publicIPAddresses | Microsoft.Network/routeTables | Microsoft.Network/virtualNetworks | microsoft.operationalInsights/querypacks | Microsoft.OperationalInsights/workspaces | Microsoft.OperationsManagement/solutions | Microsoft.Portal/dashboards | Microsoft.RecoveryServices/vaults | Microsoft.SaaS/resources | Microsoft.Security/automations | Microsoft.Sql/servers | Microsoft.Sql/servers/databases | Microsoft.Storage/storageAccounts | Microsoft.Web/certificates | Microsoft.Web/connections | Microsoft.Web/serverFarms | Microsoft.Web/sites";"2026-04-03 10:04:59"
"pf-dfs-prd";"88d31c1e-b608-4e9b-af95-dae0c470cc77";"307";"1";"306";"27";"AzureBackupRG_westeurope_1 | DefaultResourceGroup-WEU | MA_amw-pf-dmp-prd_westeurope_managed | MC_rg-pf-dmp-prd-aks_aks-pf-dmp-p-dpf_westeurope | mc_rg-pf-dmp-prd-aks_aks-pf-dmp-p-dpf_westeurope | NetworkWatcherRG | networkwatcherrg | pfa-dcsa-p-rsg-asc | pfa-dmp1-p-rsg-backup | pfa-dmp1-p-rsg-encrypt | pfa-dmp1-p-rsg-spoke-network | rg-dmp-prd-admin | rg-ext-p-monitoring-espace-pro | RG-PF-DMP-PRD | rg-pf-dmp-prd | rg-pf-dmp-prd-adf | rg-pf-dmp-prd-aks | rg-pf-dmp-prd-bck | rg-pf-dmp-prd-datamonitoring-001 | rg-pf-dmp-prd-dataportal | rg-pf-dmp-prd-formationFabric | rg-pf-dmp-prd-functions-001 | RG-PF-DMP-PRD-MAT | rg-pf-dmp-prd-mat | rg-pf-dmp-prd-monitoring-web-sites | RG-PF-DMP-PRD-TABLEAU | rg-pf-dmp-prd-tableau";"Microsoft.AlertsManagement/prometheusRuleGroups | microsoft.alertsmanagement/smartDetectorAlertRules | Microsoft.CognitiveServices/accounts | Microsoft.Compute/diskEncryptionSets | Microsoft.Compute/disks | Microsoft.Compute/restorePointCollections | Microsoft.Compute/snapshots | Microsoft.Compute/sshPublicKeys | Microsoft.Compute/virtualMachines | Microsoft.Compute/virtualMachines/extensions | microsoft.compute/virtualMachines/extensions | Microsoft.Compute/virtualMachineScaleSets | Microsoft.ContainerRegistry/registries | Microsoft.ContainerRegistry/registries/replications | Microsoft.ContainerService/managedClusters | Microsoft.DataFactory/factories | Microsoft.DBforPostgreSQL/flexibleServers | Microsoft.DBforPostgreSQL/serverGroupsv2 | Microsoft.DevTestLab/schedules | Microsoft.DocumentDB/databaseAccounts | Microsoft.EventGrid/systemTopics | Microsoft.Insights/actiongroups | microsoft.insights/actiongroups | microsoft.insights/activityLogAlerts | microsoft.insights/components | Microsoft.Insights/dataCollectionEndpoints | Microsoft.Insights/dataCollectionRules | microsoft.insights/metricalerts | Microsoft.Insights/metricalerts | microsoft.insights/workbooks | Microsoft.KeyVault/vaults | Microsoft.ManagedIdentity/userAssignedIdentities | microsoft.monitor/accounts | Microsoft.Network/ipGroups | Microsoft.Network/loadBalancers | Microsoft.Network/networkInterfaces | Microsoft.Network/networkSecurityGroups | Microsoft.Network/networkWatchers | microsoft.network/networkWatchers/flowLogs | Microsoft.Network/networkWatchers/flowLogs | Microsoft.Network/privateDnsZones | Microsoft.Network/privateDnsZones/virtualNetworkLinks | Microsoft.Network/privateEndpoints | Microsoft.Network/publicIPAddresses | Microsoft.Network/routeTables | Microsoft.Network/virtualNetworks | Microsoft.OperationalInsights/workspaces | microsoft.operationalinsights/workspaces | Microsoft.RecoveryServices/vaults | Microsoft.Security/automations | Microsoft.Sql/servers | Microsoft.Sql/servers/databases | Microsoft.Storage/storageAccounts | Microsoft.Web/certificates | Microsoft.Web/serverFarms | Microsoft.Web/sites";"2026-04-03 10:04:59"
"pf-dmp-dev";"6e48fce0-a84a-4f65-b020-7c16e5a28768";"31";"1";"30";"8";"ME_test-aca-env_rg-pf-dmp-sandbox-app-001_westeurope | NetworkWatcherRG | rg-pf-dmp-sandbox-app-001 | rg-pf-dmp-sandbox-backup-001 | rg-pf-dmp-sandbox-data-001 | rg-pf-dmp-sandbox-network-001 | rg-pf-dmp-sandbox-vwan-test-001 | vnet-test";"Microsoft.App/containerApps | Microsoft.App/managedEnvironments | Microsoft.App/managedEnvironments/certificates | Microsoft.DataProtection/BackupVaults | Microsoft.Network/ipGroups | Microsoft.Network/loadBalancers | Microsoft.Network/networkSecurityGroups | Microsoft.Network/networkWatchers | Microsoft.Network/privateDnsZones | Microsoft.Network/privateDnsZones/virtualNetworkLinks | Microsoft.Network/routeTables | Microsoft.Network/virtualHubs | Microsoft.Network/virtualNetworks | Microsoft.Network/virtualWans | Microsoft.OperationalInsights/workspaces | Microsoft.RecoveryServices/vaults | Microsoft.Storage/storageAccounts";"2026-04-03 10:04:59"
"pf-dmp-prd";"b6378144-1a63-4fd6-a654-5f1c3c424555";"59";"0";"59";"12";"AzureBackupRG_westeurope_1 | MC_rg-pf-dmp-sandbox2-aks-001_aks-pf-tst-x2-TestAKS | NetworkWatcherRG | networkwatcherrg | rg-pf-dmp-sandbox2-aca-001 | rg-pf-dmp-sandbox2-aca-001_aca-managed | rg-pf-dmp-sandbox2-aks-001 | rg-pf-dmp-sandbox2-app-001 | RG-PF-DMP-SANDBOX2-APP-001 | rg-pf-dmp-sandbox2-backup-001 | rg-pf-dmp-sandbox2-data-001 | rg-pf-dmp-sandbox2-network-001";"Microsoft.App/containerApps | Microsoft.App/managedEnvironments | Microsoft.Compute/disks | Microsoft.Compute/restorePointCollections | Microsoft.Compute/virtualMachines | Microsoft.Compute/virtualMachines/extensions | Microsoft.Compute/virtualMachineScaleSets | Microsoft.ContainerService/managedClusters | Microsoft.DataProtection/BackupVaults | Microsoft.DBforPostgreSQL/flexibleServers | Microsoft.KeyVault/vaults | Microsoft.ManagedIdentity/userAssignedIdentities | Microsoft.Network/ipGroups | Microsoft.Network/loadBalancers | Microsoft.Network/networkInterfaces | Microsoft.Network/networkSecurityGroups | Microsoft.Network/networkWatchers | Microsoft.Network/networkWatchers/flowLogs | Microsoft.Network/privateDnsZones | Microsoft.Network/privateDnsZones/virtualNetworkLinks | Microsoft.Network/privateEndpoints | Microsoft.Network/publicIPAddresses | Microsoft.Network/routeTables | Microsoft.Network/virtualNetworks | Microsoft.RecoveryServices/vaults | Microsoft.Storage/storageAccounts | Microsoft.Web/serverFarms | Microsoft.Web/sites";"2026-04-03 10:05:00"
"pf-dmp-sandbox";"5a2d34f2-f6cd-401d-b6e8-62115ad56e2c";"646";"1";"645";"19";"AzureBackupRG_westeurope_1 | DefaultResourceGroup-WEU | MC_rg-pf-dmp-stg_aks-pf-dmp-s-121_westeurope | MC_RG-PF-DMP-STG_AKS-PF-DMP-S-121_WESTEUROPE | mc_rg-pf-dmp-stg_aks-pf-dmp-s-121_westeurope | NetworkWatcherRG | networkwatcherrg | pfa-dcsa-p-rsg-asc | pfa-dmp1-s-rsg-backup | pfa-dmp1-s-rsg-encrypt | pfa-dmp1-s-rsg-spoke-network | rg-pf-dmp-stg | RG-PF-DMP-STG | rg-pf-dmp-stg-bck | rg-pf-dmp-stg-data-aks-001 | rg-pf-dmp-stg-datamonitoring-001 | rg-pf-dmp-stg-dataportal | rg-pf-dmp-stg-functions-001 | rg-pf-dmp-stg-monitoring-web-sites";"microsoft.alertsmanagement/smartDetectorAlertRules | Microsoft.CognitiveServices/accounts | Microsoft.Compute/diskEncryptionSets | Microsoft.Compute/disks | Microsoft.Compute/restorePointCollections | Microsoft.Compute/snapshots | Microsoft.Compute/sshPublicKeys | Microsoft.Compute/virtualMachines | Microsoft.Compute/virtualMachines/extensions | microsoft.compute/virtualMachines/extensions | Microsoft.Compute/virtualMachineScaleSets | Microsoft.ContainerRegistry/registries | Microsoft.ContainerRegistry/registries/replications | Microsoft.ContainerService/managedClusters | Microsoft.DataFactory/factories | Microsoft.DBforPostgreSQL/flexibleServers | Microsoft.DBforPostgreSQL/serverGroupsv2 | Microsoft.DevTestLab/schedules | Microsoft.DocumentDB/databaseAccounts | Microsoft.EventGrid/systemTopics | microsoft.insights/actiongroups | microsoft.insights/activityLogAlerts | microsoft.insights/components | Microsoft.Insights/dataCollectionRules | microsoft.insights/metricalerts | Microsoft.KeyVault/vaults | Microsoft.ManagedIdentity/userAssignedIdentities | Microsoft.Network/ipGroups | Microsoft.Network/loadBalancers | Microsoft.Network/networkInterfaces | Microsoft.Network/networkSecurityGroups | Microsoft.Network/networkWatchers | Microsoft.Network/networkWatchers/flowLogs | Microsoft.Network/privateDnsZones | Microsoft.Network/privateDnsZones/virtualNetworkLinks | Microsoft.Network/privateEndpoints | Microsoft.Network/publicIPAddresses | Microsoft.Network/routeTables | Microsoft.Network/virtualNetworks | Microsoft.OperationalInsights/workspaces | Microsoft.RecoveryServices/vaults | Microsoft.Security/automations | Microsoft.Sql/servers | Microsoft.Sql/servers/databases | Microsoft.Storage/storageAccounts | Microsoft.Web/certificates | Microsoft.Web/serverFarms | Microsoft.Web/sites";"2026-04-03 10:05:00"
"pf-dmp-stg";"feb562f1-c7cd-4b53-9e1b-ad4a3eafcf62";"3";"0";"3";"2";"cloud-shell-storage-westeurope | rg-pf-dt-management-report";"microsoft.insights/workbooks | Microsoft.Storage/storageAccounts";"2026-04-03 10:05:01"
"pf-dt-backup";"c56af48b-8b52-4a02-a3e1-6c509322e97c";"14";"0";"14";"4";"NetworkWatcherRG | networkwatcherrg | pfa-efm1-d-rsg-spoke-network | rg-pf-efm-dev";"Microsoft.DocumentDb/databaseAccounts | microsoft.insights/actiongroups | Microsoft.Network/ipGroups | Microsoft.Network/networkInterfaces | Microsoft.Network/networkSecurityGroups | Microsoft.Network/networkWatchers | Microsoft.Network/networkWatchers/flowLogs | Microsoft.Network/privateEndpoints | Microsoft.Network/routeTables | Microsoft.Network/virtualNetworks";"2026-04-03 10:05:02"
"pf-dt-management";"2f72d83e-406d-42b4-9ee2-6e39fd9a888e";"19";"0";"19";"4";"NetworkWatcherRG | networkwatcherrg | pfa-efm1-s-rsg-spoke-network | rg-pf-efm-stg";"Microsoft.DocumentDb/databaseAccounts | microsoft.insights/actiongroups | microsoft.insights/metricalerts | Microsoft.Network/ipGroups | Microsoft.Network/networkInterfaces | Microsoft.Network/networkSecurityGroups | Microsoft.Network/networkWatchers | Microsoft.Network/networkWatchers/flowLogs | Microsoft.Network/privateEndpoints | Microsoft.Network/routeTables | Microsoft.Network/virtualNetworks | Microsoft.ServiceBus/namespaces";"2026-04-03 10:05:02"
"pf-efm-stg";"57564d5e-c1a2-4f03-998f-d0812cb2f216";"19";"0";"19";"6";"NetworkWatcherRG | networkwatcherrg | rg-pf-era-dev-backup-001 | rg-pf-era-dev-data-001 | rg-pf-era-dev-era-001 | rg-pf-era-dev-network-001";"Microsoft.DataProtection/BackupVaults | Microsoft.Network/ipGroups | Microsoft.Network/networkInterfaces | Microsoft.Network/networkSecurityGroups | Microsoft.Network/networkWatchers | Microsoft.Network/networkWatchers/flowLogs | Microsoft.Network/privateEndpoints | Microsoft.Network/routeTables | Microsoft.Network/virtualNetworks | Microsoft.RecoveryServices/vaults | Microsoft.Storage/storageAccounts | Microsoft.Web/serverFarms | Microsoft.Web/sites";"2026-04-03 10:05:04"
"pf-epc-dev";"3f1d5c0e-a268-4bd2-b770-45abb307ec6d";"19";"0";"19";"6";"NetworkWatcherRG | networkwatcherrg | rg-pf-era-prd-backup-001 | rg-pf-era-prd-data-001 | rg-pf-era-prd-era-001 | rg-pf-era-prd-network-001";"Microsoft.DataProtection/BackupVaults | Microsoft.Network/ipGroups | Microsoft.Network/networkInterfaces | Microsoft.Network/networkSecurityGroups | Microsoft.Network/networkWatchers | Microsoft.Network/networkWatchers/flowLogs | Microsoft.Network/privateEndpoints | Microsoft.Network/routeTables | Microsoft.Network/virtualNetworks | Microsoft.RecoveryServices/vaults | Microsoft.Storage/storageAccounts | Microsoft.Web/serverFarms | Microsoft.Web/sites";"2026-04-03 10:05:04"
"pf-epc-prd";"5dae03f6-5b0f-430f-9c28-9aa3aa7de842";"19";"0";"19";"6";"NetworkWatcherRG | networkwatcherrg | rg-pf-era-stg-backup-001 | rg-pf-era-stg-data-001 | rg-pf-era-stg-era-001 | rg-pf-era-stg-network-001";"Microsoft.DataProtection/BackupVaults | Microsoft.Network/ipGroups | Microsoft.Network/networkInterfaces | Microsoft.Network/networkSecurityGroups | Microsoft.Network/networkWatchers | Microsoft.Network/networkWatchers/flowLogs | Microsoft.Network/privateEndpoints | Microsoft.Network/routeTables | Microsoft.Network/virtualNetworks | Microsoft.RecoveryServices/vaults | Microsoft.Storage/storageAccounts | Microsoft.Web/serverFarms | Microsoft.Web/sites";"2026-04-03 10:05:05"
"pf-era-dev";"cdc66231-3fb8-45f4-96d2-e5f1e85b57c2";"12";"0";"12";"4";"NetworkWatcherRG | networkwatcherrg | rg-pf-ext-akg-dev-akg-genius-dev-001 | rg-pf-ext-akg-dev-network-akg-genius-dev-001";"Microsoft.Network/ipGroups | Microsoft.Network/networkInterfaces | Microsoft.Network/networkSecurityGroups | Microsoft.Network/networkWatchers | Microsoft.Network/networkWatchers/flowLogs | Microsoft.Network/privateEndpoints | Microsoft.Network/routeTables | Microsoft.Network/virtualNetworks | Microsoft.Web/serverFarms | Microsoft.Web/sites";"2026-04-03 10:05:05"
"pf-era-prd";"e88909b8-668b-488b-a6f9-94ac599a8894";"12";"0";"12";"4";"NetworkWatcherRG | networkwatcherrg | rg-pf-ext-akg-dev-akg-genius-dev-001 | rg-pf-ext-akg-dev-network-akg-genius-dev-001";"Microsoft.Network/ipGroups | Microsoft.Network/networkInterfaces | Microsoft.Network/networkSecurityGroups | Microsoft.Network/networkWatchers | Microsoft.Network/networkWatchers/flowLogs | Microsoft.Network/privateEndpoints | Microsoft.Network/routeTables | Microsoft.Network/virtualNetworks | Microsoft.Web/serverFarms | Microsoft.Web/sites";"2026-04-03 10:05:06"
"pf-era-stg";"22a09ad9-4906-4ed9-8137-7be5d235a1f5";"12";"0";"12";"4";"NetworkWatcherRG | networkwatcherrg | rg-pf-ext-akg-stg-akg-genius-stg-001 | rg-pf-ext-akg-stg-network-akg-genius-stg-001";"Microsoft.Network/ipGroups | Microsoft.Network/networkInterfaces | Microsoft.Network/networkSecurityGroups | Microsoft.Network/networkWatchers | Microsoft.Network/networkWatchers/flowLogs | Microsoft.Network/privateEndpoints | Microsoft.Network/routeTables | Microsoft.Network/virtualNetworks | Microsoft.Web/serverFarms | Microsoft.Web/sites";"2026-04-03 10:05:06"
"pf-ext-akg-dev";"d3d39366-870d-4083-b23e-a8a3ac15b8cf";"12";"0";"12";"4";"NetworkWatcherRG | networkwatcherrg | rg-pf-ext-akg-stg-akg-genius-stg-001 | rg-pf-ext-akg-stg-network-akg-genius-stg-001";"Microsoft.Network/ipGroups | Microsoft.Network/networkInterfaces | Microsoft.Network/networkSecurityGroups | Microsoft.Network/networkWatchers | Microsoft.Network/networkWatchers/flowLogs | Microsoft.Network/privateEndpoints | Microsoft.Network/routeTables | Microsoft.Network/virtualNetworks | Microsoft.Web/serverFarms | Microsoft.Web/sites";"2026-04-03 10:05:07"
"pf-ext-akg-prd";"47e00959-65c8-474b-a174-f59b1a2dfc48";"12";"0";"12";"5";"NetworkWatcherRG | networkwatcherrg | rg-pf-ext-ftp-dev-backup-sftp-dev-001 | rg-pf-ext-ftp-dev-network-sftp-dev-001 | rg-pf-ext-ftp-dev-sftp-dev-001";"Microsoft.DataProtection/BackupVaults | Microsoft.EventGrid/systemTopics | Microsoft.Network/ipGroups | Microsoft.Network/networkInterfaces | Microsoft.Network/networkSecurityGroups | Microsoft.Network/networkWatchers | Microsoft.Network/networkWatchers/flowLogs | Microsoft.Network/privateEndpoints | Microsoft.Network/routeTables | Microsoft.Network/virtualNetworks | Microsoft.RecoveryServices/vaults | Microsoft.Storage/storageAccounts";"2026-04-03 10:05:08"
"pf-ext-akg-stg";"65eaf973-a7d7-42d4-9a6d-c27777902513";"12";"0";"12";"5";"NetworkWatcherRG | networkwatcherrg | rg-pf-ext-ftp-stg-backup-sftp-stg-001 | rg-pf-ext-ftp-stg-network-sftp-stg-001 | rg-pf-ext-ftp-stg-sftp-stg-001";"Microsoft.DataProtection/BackupVaults | Microsoft.EventGrid/systemTopics | Microsoft.Network/ipGroups | Microsoft.Network/networkInterfaces | Microsoft.Network/networkSecurityGroups | Microsoft.Network/networkWatchers | Microsoft.Network/networkWatchers/flowLogs | Microsoft.Network/privateEndpoints | Microsoft.Network/routeTables | Microsoft.Network/virtualNetworks | Microsoft.RecoveryServices/vaults | Microsoft.Storage/storageAccounts";"2026-04-03 10:05:08"
"pf-ext-ftp-dev";"92fef1f6-0d7b-4d6c-a893-80e118f58faa";"8";"0";"8";"2";"rg-pf-i2a-dev | rg-pf-i2a-prd";"Microsoft.Automation/automationAccounts | Microsoft.Automation/automationAccounts/runbooks";"2026-04-03 10:05:09"
"pf-ext-ftp-prd";"d537daf0-add8-4d01-9945-5ce010c106ea";"12";"0";"12";"5";"NetworkWatcherRG | networkwatcherrg | rg-pf-ext-ftp-stg-backup-sftp-stg-001 | rg-pf-ext-ftp-stg-network-sftp-stg-001 | rg-pf-ext-ftp-stg-sftp-stg-001";"Microsoft.DataProtection/BackupVaults | Microsoft.EventGrid/systemTopics | Microsoft.Network/ipGroups | Microsoft.Network/networkInterfaces | Microsoft.Network/networkSecurityGroups | Microsoft.Network/networkWatchers | Microsoft.Network/networkWatchers/flowLogs | Microsoft.Network/privateEndpoints | Microsoft.Network/routeTables | Microsoft.Network/virtualNetworks | Microsoft.RecoveryServices/vaults | Microsoft.Storage/storageAccounts";"2026-04-03 10:05:08"
"pf-ext-ftp-stg";"5777093a-cc18-4d0c-bf7f-1d5eef8ce975";"39";"0";"39";"4";"NetworkWatcherRG | rg-pf-ext-log-prd | rg-pf-ext-log-prd-data | rg-pf-ext-log-prd-network";"Microsoft.EventHub/namespaces | microsoft.insights/actiongroups | microsoft.insights/metricalerts | microsoft.insights/workbooks | Microsoft.Network/networkInterfaces | Microsoft.Network/networkSecurityGroups | Microsoft.Network/networkWatchers | microsoft.network/networkWatchers/flowLogs | Microsoft.Network/privateDnsZones | Microsoft.Network/privateDnsZones/virtualNetworkLinks | Microsoft.Network/privateEndpoints | Microsoft.Network/routeTables | Microsoft.Network/virtualNetworks | Microsoft.Storage/storageAccounts";"2026-04-03 10:05:09"
"pf-ext-log-prd";"4dec9a5b-95ba-4e47-afbe-c9397dc312f8";"8";"0";"8";"3";"NetworkWatcherRG | networkwatcherrg | rg-pf-ext-pge-stg-network-001";"Microsoft.Network/ipGroups | Microsoft.Network/networkSecurityGroups | Microsoft.Network/networkWatchers | Microsoft.Network/networkWatchers/flowLogs | Microsoft.Network/routeTables | Microsoft.Network/virtualNetworks";"2026-04-03 10:05:11"
"pf-ext-pge-prd";"4aa418bc-27fe-4804-a581-8a6c910a79c0";"28";"0";"28";"7";"NetworkWatcherRG | rg-pf-hds-dc-store-prd-antares-001 | rg-pf-hds-dc-store-prd-atara-001 | rg-pf-hds-dc-store-prd-hdsdata-001 | rg-pf-hds-dc-store-prd-keyvault | rg-pf-hds-dc-store-prd-network | rg-pf-hds-dc-store-sync-storage";"Microsoft.KeyVault/vaults | Microsoft.Network/ipGroups | Microsoft.Network/networkInterfaces | Microsoft.Network/networkSecurityGroups | Microsoft.Network/networkWatchers | microsoft.network/networkWatchers/flowLogs | Microsoft.Network/privateEndpoints | Microsoft.Network/routeTables | Microsoft.Network/virtualNetworks | Microsoft.RecoveryServices/vaults | Microsoft.Storage/storageAccounts | Microsoft.StorageSync/storageSyncServices";"2026-04-03 10:05:11"
"pf-ext-pge-stg";"03d898e4-3366-4ed9-918f-29af91c0f12f";"28";"0";"28";"7";"NetworkWatcherRG | rg-pf-hds-dc-store-prd-antares-001 | rg-pf-hds-dc-store-prd-atara-001 | rg-pf-hds-dc-store-prd-hdsdata-001 | rg-pf-hds-dc-store-prd-keyvault | rg-pf-hds-dc-store-prd-network | rg-pf-hds-dc-store-sync-storage";"Microsoft.KeyVault/vaults | Microsoft.Network/ipGroups | Microsoft.Network/networkInterfaces | Microsoft.Network/networkSecurityGroups | Microsoft.Network/networkWatchers | microsoft.network/networkWatchers/flowLogs | Microsoft.Network/privateEndpoints | Microsoft.Network/routeTables | Microsoft.Network/virtualNetworks | Microsoft.RecoveryServices/vaults | Microsoft.Storage/storageAccounts | Microsoft.StorageSync/storageSyncServices";"2026-04-03 10:05:11"
"pf-ext-snoatos-poc";"b984a8bd-248b-4730-ae82-c3d8e845e9e6";"18";"0";"18";"5";"NetworkWatcherRG | rg-pf-hds-dc-store-atara-001 | rg-pf-hds-dc-store-hdsdata-001 | rg-pf-hds-dc-store-network | rg-pf-hds-dc-store-sync-storage";"Microsoft.Network/ipGroups | Microsoft.Network/networkInterfaces | Microsoft.Network/networkSecurityGroups | Microsoft.Network/networkWatchers | microsoft.network/networkWatchers/flowLogs | Microsoft.Network/privateEndpoints | Microsoft.Network/routeTables | Microsoft.Network/virtualNetworks | Microsoft.RecoveryServices/vaults | Microsoft.Storage/storageAccounts | Microsoft.StorageSync/storageSyncServices";"2026-04-03 10:05:12"
"pf-hds-dc-store-prd";"ff94f946-ff2b-4a19-b8d9-25a72beca095";"201";"0";"201";"7";"azurebackuprg_francecentral_1 | NetworkWatcherRG | rg-pf-hds-sas-dev-backup-001 | rg-pf-hds-sas-dev-compute-001 | RG-PF-HDS-SAS-DEV-COMPUTE-001 | rg-pf-hds-sas-dev-data-001 | rg-pf-hds-sas-dev-network-001";"Microsoft.Compute/availabilitySets | Microsoft.Compute/disks | Microsoft.Compute/restorePointCollections | Microsoft.Compute/snapshots | Microsoft.Compute/virtualMachines | microsoft.compute/virtualMachines/extensions | Microsoft.Compute/virtualMachines/extensions | Microsoft.DataProtection/BackupVaults | Microsoft.KeyVault/vaults | Microsoft.Network/ipGroups | Microsoft.Network/networkInterfaces | Microsoft.Network/networkSecurityGroups | Microsoft.Network/networkWatchers | microsoft.network/networkWatchers/flowLogs | Microsoft.Network/privateEndpoints | Microsoft.Network/routeTables | Microsoft.Network/virtualNetworks | Microsoft.RecoveryServices/vaults | Microsoft.Storage/storageAccounts";"2026-04-03 10:05:12"
"pf-hds-dc-store-stg";"55b70630-3f1c-413e-89bb-05bb655bd685";"239";"0";"239";"7";"azurebackuprg_francecentral_1 | NetworkWatcherRG | rg-pf-hds-sas-prd-backup-001 | rg-pf-hds-sas-prd-compute-001 | RG-PF-HDS-SAS-PRD-COMPUTE-001 | rg-pf-hds-sas-prd-data-001 | rg-pf-hds-sas-prd-network-001";"Microsoft.Compute/availabilitySets | Microsoft.Compute/disks | Microsoft.Compute/restorePointCollections | Microsoft.Compute/snapshots | Microsoft.Compute/virtualMachines | microsoft.compute/virtualMachines/extensions | Microsoft.Compute/virtualMachines/extensions | Microsoft.DataProtection/BackupVaults | Microsoft.Insights/dataCollectionEndpoints | Microsoft.KeyVault/vaults | Microsoft.Network/ipGroups | Microsoft.Network/networkInterfaces | Microsoft.Network/networkSecurityGroups | Microsoft.Network/networkWatchers | microsoft.network/networkWatchers/flowLogs | Microsoft.Network/privateEndpoints | Microsoft.Network/routeTables | Microsoft.Network/virtualNetworks | Microsoft.RecoveryServices/vaults | Microsoft.Storage/storageAccounts";"2026-04-03 10:05:13"
"pf-hds-hpc-poc";"ac95d7b5-13c7-4692-8d1d-7f6d90b41399";"201";"0";"201";"7";"azurebackuprg_francecentral_1 | NetworkWatcherRG | rg-pf-hds-sas-dev-backup-001 | rg-pf-hds-sas-dev-compute-001 | RG-PF-HDS-SAS-DEV-COMPUTE-001 | rg-pf-hds-sas-dev-data-001 | rg-pf-hds-sas-dev-network-001";"Microsoft.Compute/availabilitySets | Microsoft.Compute/disks | Microsoft.Compute/restorePointCollections | Microsoft.Compute/snapshots | Microsoft.Compute/virtualMachines | microsoft.compute/virtualMachines/extensions | Microsoft.Compute/virtualMachines/extensions | Microsoft.DataProtection/BackupVaults | Microsoft.KeyVault/vaults | Microsoft.Network/ipGroups | Microsoft.Network/networkInterfaces | Microsoft.Network/networkSecurityGroups | Microsoft.Network/networkWatchers | microsoft.network/networkWatchers/flowLogs | Microsoft.Network/privateEndpoints | Microsoft.Network/routeTables | Microsoft.Network/virtualNetworks | Microsoft.RecoveryServices/vaults | Microsoft.Storage/storageAccounts";"2026-04-03 10:05:13"
"pf-hds-sas-dev";"5d8c447a-1830-4603-be58-d6aab95700ec";"153";"0";"153";"8";"azurebackuprg_francecentral_1 | NetworkWatcherRG | rg-pf-hds-sas-sandbox-backup-001 | RG-PF-HDS-SAS-SANDBOX-BACKUP-001 | rg-pf-hds-sas-sandbox-compute-001 | RG-PF-HDS-SAS-SANDBOX-COMPUTE-001 | rg-pf-hds-sas-sandbox-data-001 | rg-pf-hds-sas-sandbox-network-001";"Microsoft.Compute/disks | Microsoft.Compute/restorePointCollections | Microsoft.Compute/snapshots | Microsoft.Compute/virtualMachines | microsoft.compute/virtualMachines/extensions | Microsoft.Compute/virtualMachines/extensions | Microsoft.DataProtection/BackupVaults | Microsoft.EventGrid/systemTopics | Microsoft.Insights/dataCollectionEndpoints | Microsoft.KeyVault/vaults | Microsoft.Network/loadBalancers | Microsoft.Network/networkInterfaces | Microsoft.Network/networkSecurityGroups | Microsoft.Network/networkWatchers | microsoft.network/networkWatchers/flowLogs | Microsoft.Network/privateEndpoints | Microsoft.Network/publicIPAddresses | Microsoft.Network/routeTables | Microsoft.Network/virtualNetworks | Microsoft.OperationalInsights/workspaces | Microsoft.RecoveryServices/vaults | Microsoft.Storage/storageAccounts";"2026-04-03 10:05:14"
"pf-hds-sas-prd";"bce7347a-f4df-4df7-bea7-56ec4e1148c9";"98";"0";"98";"18";"AzureBackupRG_westeurope_1 | Default-EventGrid | NetworkWatcherRG | networkwatcherrg | pfa-dcsa-p-rsg-asc | pfa-hlo1-p-rsg-backup | pfa-hlo1-p-rsg-encrypt | pfa-hlo1-p-rsg-spoke-network | PFA-HLO1-P-RSG-SPOKE-NETWORK | rg-pf-hlo-prd | RG-PF-HLO-PRD | rg-pf-hlo-prd-backup-hlo-prd-001 | rg-pf-hlo-prd-bck | RG-PF-HLO-PRD-CLONE | rg-pf-hlo-prd-clone | rg-pf-hlo-prd-data-hlo-prd-001 | rg-pf-hlo-prd-network-hlo-prd-001 | testrestaurationvm";"Microsoft.Compute/diskEncryptionSets | Microsoft.Compute/disks | Microsoft.Compute/restorePointCollections | Microsoft.Compute/snapshots | Microsoft.Compute/virtualMachines | Microsoft.Compute/virtualMachines/extensions | Microsoft.DataProtection/BackupVaults | Microsoft.DevTestLab/schedules | Microsoft.EventGrid/systemTopics | microsoft.insights/activityLogAlerts | Microsoft.KeyVault/vaults | Microsoft.ManagedIdentity/userAssignedIdentities | Microsoft.Network/ipGroups | Microsoft.Network/networkInterfaces | Microsoft.Network/networkSecurityGroups | Microsoft.Network/networkWatchers | Microsoft.Network/networkWatchers/flowLogs | Microsoft.Network/privateEndpoints | Microsoft.Network/routeTables | Microsoft.Network/virtualNetworks | Microsoft.RecoveryServices/vaults | Microsoft.Security/automations | Microsoft.Storage/storageAccounts";"2026-04-03 10:05:14"
"pf-hds-sas-sandbox";"513ad47c-251f-4a6c-8c8d-0e6cd964883c";"98";"0";"98";"18";"AzureBackupRG_westeurope_1 | Default-EventGrid | networkwatcherrg | NetworkWatcherRG | pfa-dcsa-p-rsg-asc | pfa-hlo1-p-rsg-backup | pfa-hlo1-p-rsg-encrypt | PFA-HLO1-P-RSG-SPOKE-NETWORK | pfa-hlo1-p-rsg-spoke-network | rg-pf-hlo-prd | RG-PF-HLO-PRD | rg-pf-hlo-prd-backup-hlo-prd-001 | rg-pf-hlo-prd-bck | rg-pf-hlo-prd-clone | RG-PF-HLO-PRD-CLONE | rg-pf-hlo-prd-data-hlo-prd-001 | rg-pf-hlo-prd-network-hlo-prd-001 | testrestaurationvm";"Microsoft.Compute/diskEncryptionSets | Microsoft.Compute/disks | Microsoft.Compute/restorePointCollections | Microsoft.Compute/snapshots | Microsoft.Compute/virtualMachines | Microsoft.Compute/virtualMachines/extensions | Microsoft.DataProtection/BackupVaults | Microsoft.DevTestLab/schedules | Microsoft.EventGrid/systemTopics | microsoft.insights/activityLogAlerts | Microsoft.KeyVault/vaults | Microsoft.ManagedIdentity/userAssignedIdentities | Microsoft.Network/ipGroups | Microsoft.Network/networkInterfaces | Microsoft.Network/networkSecurityGroups | Microsoft.Network/networkWatchers | Microsoft.Network/networkWatchers/flowLogs | Microsoft.Network/privateEndpoints | Microsoft.Network/routeTables | Microsoft.Network/virtualNetworks | Microsoft.RecoveryServices/vaults | Microsoft.Security/automations | Microsoft.Storage/storageAccounts";"2026-04-03 10:05:15"
"pf-hds-sas-stg";"b9ec9c87-934f-468e-897c-34ac0998bd91";"1080";"0";"1080";"60";"AzureBackupRG_westeurope_1 | cloud-shell-storage-westeurope | Default-EventGrid | DefaultResourceGroup-WEU | LogAnalyticsDefaultResources | MA_amw-pf-api-dev_westeurope_managed | MA_amw-pf-api-prd_westeurope_managed | MA_amw-pf-api-stg_westeurope_managed | mc_rg-pf-hub-connectivity-am-apim-dev-001_aks-pf-api-d-gravitee | MC_rg-pf-hub-connectivity-am-apim-dev-001_aks-pf-api-d-gravitee | mc_rg-pf-hub-connectivity-am-apim-prd-001_aks-pf-api-p-gravitee | MC_rg-pf-hub-connectivity-am-apim-prd-001_aks-pf-api-p-gravitee | mc_rg-pf-hub-connectivity-am-apim-stg-001_aks-pf-api-s-gravitee | MC_rg-pf-hub-connectivity-am-apim-stg-001_aks-pf-api-s-gravitee | NetworkWatcherRG | networkwatcherrg | pfa-dcsa-p-rsg-asc | pfa-dcsa-p-rsg-hub-azureMonitor | pfa-dcsa-p-rsg-hub-bastion | PFA-DCSA-P-RSG-HUB-NETWORK | pfa-dcsa-p-rsg-hub-network | pfa-dmp-p-rsg-hub-dns | pfa-p-rsg-hub-storage | policy-evh | rg-dmp-cnx | RG-DMP-CNX | rg-pf-connectivity-backup-adds-euwe-001 | RG-PF-HUB-CONNECTIVITY-ADDS-EUWE | rg-pf-hub-connectivity-adds-euwe | RG-PF-HUB-CONNECTIVITY-ADMIN | rg-pf-hub-connectivity-admin | rg-pf-hub-connectivity-am-apim-dev-001 | rg-pf-hub-connectivity-am-apim-prd-001 | rg-pf-hub-connectivity-am-apim-stg-001 | rg-pf-hub-connectivity-backup-am-apim-dev-001 | rg-pf-hub-connectivity-backup-am-apim-prd-001 | rg-pf-hub-connectivity-backup-am-apim-stg-001 | rg-pf-hub-connectivity-data-am-apim-dev-001 | rg-pf-hub-connectivity-data-am-apim-prd-001 | rg-pf-hub-connectivity-data-am-apim-stg-001 | rg-pf-hub-connectivity-fabric | rg-pf-hub-connectivity-firewall-azure | rg-pf-hub-connectivity-gravitee-appgw | rg-pf-hub-connectivity-gw-argan | RG-PF-HUB-CONNECTIVITY-HDS-SAS | rg-pf-hub-connectivity-hds-sas | rg-pf-hub-connectivity-management | RG-PF-HUB-CONNECTIVITY-MANAGEMENT | rg-pf-hub-connectivity-network-am-apim-dev-001 | rg-pf-hub-connectivity-network-am-apim-prd-001 | rg-pf-hub-connectivity-network-am-apim-stg-001 | rg-pf-hub-connectivity-network-corporate | RG-PF-HUB-CONNECTIVITY-NETWORK-CORPORATE | rg-pf-hub-connectivity-purview | rg-pf-hub-connectivity-snowflake-pe | rg-pf-hub-connectivity-vwan-001 | rg-pf-hub-connectivity-vwan-test-spoke | RG-PF-HUB-CONNECTIVITY-VWAN-TEST-SPOKE | rg-pf-hub-dns | RG-PF-HUB-DNS";"Microsoft.AlertsManagement/prometheusRuleGroups | Microsoft.Automation/automationAccounts | Microsoft.Automation/automationAccounts/runbooks | Microsoft.Compute/availabilitySets | Microsoft.Compute/disks | Microsoft.Compute/galleries | Microsoft.Compute/galleries/images | Microsoft.Compute/galleries/images/versions | Microsoft.Compute/restorePointCollections | Microsoft.Compute/virtualMachines | Microsoft.Compute/virtualMachines/extensions | microsoft.compute/virtualMachines/extensions | Microsoft.Compute/virtualMachineScaleSets | Microsoft.ContainerService/managedClusters | Microsoft.Dashboard/dashboards | Microsoft.DataProtection/BackupVaults | Microsoft.DevTestLab/schedules | Microsoft.EventGrid/systemTopics | microsoft.insights/actiongroups | microsoft.insights/activityLogAlerts | Microsoft.Insights/dataCollectionEndpoints | Microsoft.Insights/dataCollectionRules | microsoft.insights/metricalerts | microsoft.insights/privateLinkScopes | Microsoft.KeyVault/vaults | Microsoft.ManagedIdentity/userAssignedIdentities | microsoft.monitor/accounts | Microsoft.Network/applicationGateways | Microsoft.Network/azureFirewalls | Microsoft.Network/bastionHosts | Microsoft.Network/connections | Microsoft.Network/dnsForwardingRulesets | Microsoft.Network/dnsResolvers | Microsoft.Network/dnsResolvers/inboundEndpoints | Microsoft.Network/dnsResolvers/outboundEndpoints | Microsoft.Network/expressRouteCircuits | Microsoft.Network/firewallPolicies | Microsoft.Network/ipGroups | Microsoft.Network/loadBalancers | Microsoft.Network/localNetworkGateways | Microsoft.Network/networkInterfaces | Microsoft.Network/networkSecurityGroups | Microsoft.Network/networkWatchers | Microsoft.Network/networkWatchers/flowLogs | microsoft.network/networkWatchers/flowLogs | Microsoft.Network/privateDnsZones | Microsoft.Network/privateDnsZones/virtualNetworkLinks | Microsoft.Network/privateEndpoints | Microsoft.Network/publicIPAddresses | Microsoft.Network/routeFilters | Microsoft.Network/routeTables | Microsoft.Network/virtualHubs | Microsoft.Network/virtualNetworkGateways | Microsoft.Network/virtualNetworks | Microsoft.Network/virtualWans | Microsoft.Network/vpnGateways | microsoft.operationalInsights/querypacks | Microsoft.OperationalInsights/workspaces | Microsoft.Purview/accounts | Microsoft.RecoveryServices/vaults | Microsoft.Security/automations | Microsoft.Storage/storageAccounts";"2026-04-03 10:05:16"
"pf-hlo-prd";"6c13228a-8385-4a91-af25-d051ad335ca8";"264";"0";"264";"27";"MA_amw-pf-api-ext-dev_westeurope_managed | MA_amw-pf-api-ext-prd_westeurope_managed | MA_amw-pf-api-ext-stg_westeurope_managed | MC_rg-pf-hub-connectivity-external-am-apim-dev-001_aks-pf-api-ext-d-gravitee | mc_rg-pf-hub-connectivity-external-am-apim-dev-001_aks-pf-api-ext-d-gravitee | mc_rg-pf-hub-connectivity-external-am-apim-prd-001_aks-pf-api-ext-p-gravitee | MC_rg-pf-hub-connectivity-external-am-apim-prd-001_aks-pf-api-ext-p-gravitee | mc_rg-pf-hub-connectivity-external-am-apim-stg-001_aks-pf-api-ext-s-gravitee | MC_rg-pf-hub-connectivity-external-am-apim-stg-001_aks-pf-api-ext-s-gravitee | NetworkWatcherRG | rg-pf-hub-connectivity-ext-hprd-front-door | rg-pf-hub-connectivity-ext-prd-dns | rg-pf-hub-connectivity-ext-prd-front-door | rg-pf-hub-connectivity-ext-prd-network | rg-pf-hub-connectivity-external-am-apim-dev-001 | rg-pf-hub-connectivity-external-am-apim-prd-001 | rg-pf-hub-connectivity-external-am-apim-stg-001 | rg-pf-hub-connectivity-external-backup-am-apim-dev-001 | rg-pf-hub-connectivity-external-backup-am-apim-prd-001 | rg-pf-hub-connectivity-external-backup-am-apim-stg-001 | rg-pf-hub-connectivity-external-data-am-apim-dev-001 | rg-pf-hub-connectivity-external-data-am-apim-prd-001 | rg-pf-hub-connectivity-external-data-am-apim-stg-001 | rg-pf-hub-connectivity-external-gravitee-appgw | rg-pf-hub-connectivity-external-network-am-apim-dev-001 | rg-pf-hub-connectivity-external-network-am-apim-prd-001 | rg-pf-hub-connectivity-external-network-am-apim-stg-001";"Microsoft.AlertsManagement/prometheusRuleGroups | Microsoft.Cdn/profiles | Microsoft.Cdn/profiles/afdendpoints | Microsoft.Compute/disks | Microsoft.Compute/virtualMachineScaleSets | Microsoft.ContainerService/managedClusters | Microsoft.DataProtection/BackupVaults | Microsoft.Insights/dataCollectionEndpoints | Microsoft.Insights/dataCollectionRules | Microsoft.ManagedIdentity/userAssignedIdentities | microsoft.monitor/accounts | Microsoft.Network/applicationGateways | Microsoft.Network/azureFirewalls | Microsoft.Network/firewallPolicies | Microsoft.Network/frontdoorWebApplicationFirewallPolicies | Microsoft.Network/ipGroups | Microsoft.Network/loadBalancers | Microsoft.Network/networkInterfaces | Microsoft.Network/networkSecurityGroups | Microsoft.Network/networkWatchers | microsoft.network/networkWatchers/flowLogs | Microsoft.Network/privateDnsZones | Microsoft.Network/privateDnsZones/virtualNetworkLinks | Microsoft.Network/privateEndpoints | Microsoft.Network/privateLinkServices | Microsoft.Network/publicIPAddresses | Microsoft.Network/routeTables | Microsoft.Network/virtualNetworks | Microsoft.RecoveryServices/vaults | Microsoft.Storage/storageAccounts";"2026-04-03 10:05:16"
"pf-hub-connectivity";"5e4b1a67-acea-4f2c-a456-4383cccff311";"75";"0";"75";"14";"AzureBackupRG_francecentral_1 | NetworkWatcherRG | rg-pf-hub-hds-mgmt-adf-hprod | rg-pf-hub-hds-mgmt-adf-prod | RG-PF-HUB-HDS-MGMT-ADF-PROD | rg-pf-hub-hds-mgmt-backup | rg-pf-hub-hds-mgmt-dev | rg-pf-hub-hds-mgmt-network-001 | rg-pf-hub-hds-mgmt-prod | rg-pf-hub-hds-mgmt-sandbox | rg-pf-hub-hds-mgmt-shared | rg-pf-hub-hds-mgmt-staging | rg-pf-hub-hds-mgmt-syncExternal-prod | RG-PF-HUB-HDS-MGMT-SYNCEXTERNAL-PROD";"Microsoft.Compute/disks | Microsoft.Compute/restorePointCollections | Microsoft.Compute/virtualMachines | Microsoft.Compute/virtualMachines/extensions | Microsoft.DataFactory/factories | Microsoft.Insights/actiongroups | Microsoft.Insights/dataCollectionEndpoints | Microsoft.Insights/dataCollectionRules | Microsoft.Insights/metricalerts | Microsoft.Network/ipGroups | Microsoft.Network/networkInterfaces | Microsoft.Network/networkSecurityGroups | Microsoft.Network/networkWatchers | microsoft.network/networkWatchers/flowLogs | Microsoft.Network/privateEndpoints | Microsoft.Network/routeTables | Microsoft.Network/virtualNetworks | Microsoft.OperationalInsights/workspaces | Microsoft.RecoveryServices/vaults | Microsoft.Storage/storageAccounts";"2026-04-03 10:05:16"
"pf-hub-connectivity-external";"529b88d8-cdc6-4155-8be7-deb86a7ab73e";"525";"0";"525";"31";"DefaultResourceGroup-WEU | defaultresourcegroup-weu | LogAnalyticsDefaultResources | MA_mwp-interne-infrastructure-prod-euwe_westeurope_managed | MC_rg-pf-hub-management-runner-001_aks-pf-git-p-runner_westeurope | NetworkWatcherRG | PFA-DCSA-D-RSG-ELK | pfa-dcsa-p-rsg-asc | pfa-dcsa-p-rsg-backupEntra | pfa-dcsa-p-rsg-eventhubtest | pfa-dcsa-p-rsg-identities | pfa-dcsa-p-rsg-image | pfa-dcsa-p-rsg-monitoring | pfa-dcsa-p-rsg-reporting | PFA-DCSA-S-RSG-ELK | pfa-mgmt-s-rsg-backup | pfs-dcsa-p-rsg-elk | PFS-DCSA-P-RSG-ELK | rg-pf-hub-connectivity-monitoring | rg-pf-hub-management-grafana | rg-pf-hub-management-gravitee-admin | RG-PF-HUB-MANAGEMENT-GRAVITEE-ADMIN | rg-pf-hub-management-monitoring-horsprod | rg-pf-hub-management-monitoring-prod | rg-pf-hub-management-network | rg-pf-hub-management-network-runner-prod-001 | rg-pf-hub-management-runner-001 | rg-pf-mgmt-atlas | rg-pf-sap-dev-monitoring | rg-pf-sap-prd-monitoring | rg-pf-sap-stg-monitoring";"Microsoft.AlertsManagement/prometheusRuleGroups | microsoft.alertsmanagement/smartDetectorAlertRules | Microsoft.Automation/automationAccounts | Microsoft.Automation/automationAccounts/runbooks | Microsoft.Compute/disks | Microsoft.Compute/galleries | Microsoft.Compute/virtualMachines | Microsoft.Compute/virtualMachines/extensions | Microsoft.Compute/virtualMachineScaleSets | Microsoft.ContainerInstance/containerGroups | Microsoft.ContainerService/managedClusters | Microsoft.Dashboard/grafana | Microsoft.DevTestLab/schedules | Microsoft.Elastic/monitors | microsoft.insights/actiongroups | microsoft.insights/activityLogAlerts | Microsoft.Insights/activityLogAlerts | microsoft.insights/components | Microsoft.Insights/dataCollectionEndpoints | Microsoft.Insights/dataCollectionRules | microsoft.insights/scheduledqueryrules | Microsoft.Insights/scheduledqueryrules | microsoft.insights/workbooks | Microsoft.Logic/workflows | Microsoft.ManagedIdentity/userAssignedIdentities | microsoft.monitor/accounts | Microsoft.Network/ipGroups | Microsoft.Network/loadBalancers | Microsoft.Network/networkInterfaces | Microsoft.Network/networkSecurityGroups | Microsoft.Network/networkWatchers | microsoft.network/networkWatchers/flowLogs | Microsoft.Network/privateDnsZones | Microsoft.Network/privateDnsZones/virtualNetworkLinks | Microsoft.Network/privateEndpoints | Microsoft.Network/publicIPAddresses | Microsoft.Network/routeTables | Microsoft.Network/virtualNetworks | microsoft.operationalInsights/querypacks | Microsoft.OperationalInsights/workspaces | Microsoft.OperationsManagement/solutions | Microsoft.Portal/dashboards | Microsoft.SaaS/resources | Microsoft.Security/automations | Microsoft.ServiceBus/namespaces | Microsoft.Storage/storageAccounts | Microsoft.Web/connections | Microsoft.Web/serverFarms | Microsoft.Web/sites";"2026-04-03 10:05:17"
"pf-hub-hds-mgmt";"c664c897-9cf2-4584-b065-b502d3b80fa7";"525";"0";"525";"31";"DefaultResourceGroup-WEU | defaultresourcegroup-weu | LogAnalyticsDefaultResources | MA_mwp-interne-infrastructure-prod-euwe_westeurope_managed | MC_rg-pf-hub-management-runner-001_aks-pf-git-p-runner_westeurope | NetworkWatcherRG | PFA-DCSA-D-RSG-ELK | pfa-dcsa-p-rsg-asc | pfa-dcsa-p-rsg-backupEntra | pfa-dcsa-p-rsg-eventhubtest | pfa-dcsa-p-rsg-identities | pfa-dcsa-p-rsg-image | pfa-dcsa-p-rsg-monitoring | pfa-dcsa-p-rsg-reporting | PFA-DCSA-S-RSG-ELK | pfa-mgmt-s-rsg-backup | pfs-dcsa-p-rsg-elk | PFS-DCSA-P-RSG-ELK | rg-pf-hub-connectivity-monitoring | rg-pf-hub-management-grafana | rg-pf-hub-management-gravitee-admin | RG-PF-HUB-MANAGEMENT-GRAVITEE-ADMIN | rg-pf-hub-management-monitoring-horsprod | rg-pf-hub-management-monitoring-prod | rg-pf-hub-management-network | rg-pf-hub-management-network-runner-prod-001 | rg-pf-hub-management-runner-001 | rg-pf-mgmt-atlas | rg-pf-sap-dev-monitoring | rg-pf-sap-prd-monitoring | rg-pf-sap-stg-monitoring";"Microsoft.AlertsManagement/prometheusRuleGroups | microsoft.alertsmanagement/smartDetectorAlertRules | Microsoft.Automation/automationAccounts | Microsoft.Automation/automationAccounts/runbooks | Microsoft.Compute/disks | Microsoft.Compute/galleries | Microsoft.Compute/virtualMachines | Microsoft.Compute/virtualMachines/extensions | Microsoft.Compute/virtualMachineScaleSets | Microsoft.ContainerInstance/containerGroups | Microsoft.ContainerService/managedClusters | Microsoft.Dashboard/grafana | Microsoft.DevTestLab/schedules | Microsoft.Elastic/monitors | microsoft.insights/actiongroups | microsoft.insights/activityLogAlerts | Microsoft.Insights/activityLogAlerts | microsoft.insights/components | Microsoft.Insights/dataCollectionEndpoints | Microsoft.Insights/dataCollectionRules | microsoft.insights/scheduledqueryrules | Microsoft.Insights/scheduledqueryrules | microsoft.insights/workbooks | Microsoft.Logic/workflows | Microsoft.ManagedIdentity/userAssignedIdentities | microsoft.monitor/accounts | Microsoft.Network/ipGroups | Microsoft.Network/loadBalancers | Microsoft.Network/networkInterfaces | Microsoft.Network/networkSecurityGroups | Microsoft.Network/networkWatchers | microsoft.network/networkWatchers/flowLogs | Microsoft.Network/privateDnsZones | Microsoft.Network/privateDnsZones/virtualNetworkLinks | Microsoft.Network/privateEndpoints | Microsoft.Network/publicIPAddresses | Microsoft.Network/routeTables | Microsoft.Network/virtualNetworks | microsoft.operationalInsights/querypacks | Microsoft.OperationalInsights/workspaces | Microsoft.OperationsManagement/solutions | Microsoft.Portal/dashboards | Microsoft.SaaS/resources | Microsoft.Security/automations | Microsoft.ServiceBus/namespaces | Microsoft.Storage/storageAccounts | Microsoft.Web/connections | Microsoft.Web/serverFarms | Microsoft.Web/sites";"2026-04-03 10:05:17"
"pf-hub-infra";"b89be179-0dd2-466a-8bf7-a4bf3da859e3";"525";"0";"525";"31";"DefaultResourceGroup-WEU | defaultresourcegroup-weu | LogAnalyticsDefaultResources | MA_mwp-interne-infrastructure-prod-euwe_westeurope_managed | MC_rg-pf-hub-management-runner-001_aks-pf-git-p-runner_westeurope | NetworkWatcherRG | PFA-DCSA-D-RSG-ELK | pfa-dcsa-p-rsg-asc | pfa-dcsa-p-rsg-backupEntra | pfa-dcsa-p-rsg-eventhubtest | pfa-dcsa-p-rsg-identities | pfa-dcsa-p-rsg-image | pfa-dcsa-p-rsg-monitoring | pfa-dcsa-p-rsg-reporting | PFA-DCSA-S-RSG-ELK | pfa-mgmt-s-rsg-backup | pfs-dcsa-p-rsg-elk | PFS-DCSA-P-RSG-ELK | rg-pf-hub-connectivity-monitoring | rg-pf-hub-management-grafana | rg-pf-hub-management-gravitee-admin | RG-PF-HUB-MANAGEMENT-GRAVITEE-ADMIN | rg-pf-hub-management-monitoring-horsprod | rg-pf-hub-management-monitoring-prod | rg-pf-hub-management-network | rg-pf-hub-management-network-runner-prod-001 | rg-pf-hub-management-runner-001 | rg-pf-mgmt-atlas | rg-pf-sap-dev-monitoring | rg-pf-sap-prd-monitoring | rg-pf-sap-stg-monitoring";"Microsoft.AlertsManagement/prometheusRuleGroups | microsoft.alertsmanagement/smartDetectorAlertRules | Microsoft.Automation/automationAccounts | Microsoft.Automation/automationAccounts/runbooks | Microsoft.Compute/disks | Microsoft.Compute/galleries | Microsoft.Compute/virtualMachines | Microsoft.Compute/virtualMachines/extensions | Microsoft.Compute/virtualMachineScaleSets | Microsoft.ContainerInstance/containerGroups | Microsoft.ContainerService/managedClusters | Microsoft.Dashboard/grafana | Microsoft.DevTestLab/schedules | Microsoft.Elastic/monitors | microsoft.insights/actiongroups | microsoft.insights/activityLogAlerts | Microsoft.Insights/activityLogAlerts | microsoft.insights/components | Microsoft.Insights/dataCollectionEndpoints | Microsoft.Insights/dataCollectionRules | microsoft.insights/scheduledqueryrules | Microsoft.Insights/scheduledqueryrules | microsoft.insights/workbooks | Microsoft.Logic/workflows | Microsoft.ManagedIdentity/userAssignedIdentities | microsoft.monitor/accounts | Microsoft.Network/ipGroups | Microsoft.Network/loadBalancers | Microsoft.Network/networkInterfaces | Microsoft.Network/networkSecurityGroups | Microsoft.Network/networkWatchers | microsoft.network/networkWatchers/flowLogs | Microsoft.Network/privateDnsZones | Microsoft.Network/privateDnsZones/virtualNetworkLinks | Microsoft.Network/privateEndpoints | Microsoft.Network/publicIPAddresses | Microsoft.Network/routeTables | Microsoft.Network/virtualNetworks | microsoft.operationalInsights/querypacks | Microsoft.OperationalInsights/workspaces | Microsoft.OperationsManagement/solutions | Microsoft.Portal/dashboards | Microsoft.SaaS/resources | Microsoft.Security/automations | Microsoft.ServiceBus/namespaces | Microsoft.Storage/storageAccounts | Microsoft.Web/connections | Microsoft.Web/serverFarms | Microsoft.Web/sites";"2026-04-03 10:05:18"
"pf-hub-management";"9fd15a8e-f3d7-472a-adcd-b2900a374b0d";"45";"0";"45";"5";"DefaultResourceGroup-WEU | NetworkWatcherRG | networkwatcherrg | rg-pf-imr-dev-infomed-001 | rg-pf-imr-dev-network";"Microsoft.DocumentDb/databaseAccounts | microsoft.insights/actiongroups | microsoft.insights/components | Microsoft.Network/ipGroups | Microsoft.Network/networkInterfaces | Microsoft.Network/networkSecurityGroups | Microsoft.Network/networkWatchers | Microsoft.Network/networkWatchers/flowLogs | Microsoft.Network/privateEndpoints | Microsoft.Network/routeTables | Microsoft.Network/virtualNetworks | Microsoft.OperationalInsights/workspaces | Microsoft.Search/searchServices | Microsoft.Storage/storageAccounts | Microsoft.Web/serverFarms | Microsoft.Web/sites";"2026-04-03 10:05:18"
"pf-hub-management-external";"b0115623-4ce6-43e0-a745-a84f9b1dec01";"44";"0";"44";"4";"NetworkWatcherRG | networkwatcherrg | rg-pf-imr-stg-infomed-001 | rg-pf-imr-stg-network";"Microsoft.DocumentDb/databaseAccounts | microsoft.insights/actiongroups | microsoft.insights/components | Microsoft.Network/ipGroups | Microsoft.Network/networkInterfaces | Microsoft.Network/networkSecurityGroups | Microsoft.Network/networkWatchers | Microsoft.Network/networkWatchers/flowLogs | Microsoft.Network/privateEndpoints | Microsoft.Network/routeTables | Microsoft.Network/virtualNetworks | Microsoft.Search/searchServices | Microsoft.Storage/storageAccounts | Microsoft.Web/serverFarms | Microsoft.Web/sites";"2026-04-03 10:05:19"
"pf-imr-dev";"1cf19bd7-ed6b-4224-a89e-0cd67bddbd28";"22";"0";"22";"8";"AzureBackupRG_westeurope_1 | NetworkWatcherRG | networkwatcherrg | rg-pf-pbi-prd-backup-001 | rg-pf-pbi-prd-compute | rg-pf-pbi-prd-datagateway | RG-PF-PBI-PRD-DATAGATEWAY | rg-pf-pbi-prd-network";"Microsoft.Compute/availabilitySets | Microsoft.Compute/disks | Microsoft.Compute/restorePointCollections | Microsoft.Compute/virtualMachines | Microsoft.Compute/virtualMachines/extensions | microsoft.compute/virtualMachines/extensions | Microsoft.Fabric/capacities | Microsoft.Insights/dataCollectionRules | Microsoft.Network/ipGroups | Microsoft.Network/networkInterfaces | Microsoft.Network/networkSecurityGroups | Microsoft.Network/networkWatchers | Microsoft.Network/networkWatchers/flowLogs | Microsoft.Network/routeTables | Microsoft.Network/virtualNetworks | Microsoft.RecoveryServices/vaults";"2026-04-03 10:05:19"
"pf-pbi-prd";"7a62c104-5d83-45f0-95d8-83824c287717";"28";"0";"28";"6";"NetworkWatcherRG | networkwatcherrg | rg-pf-pic-dev-app-001 | rg-pf-pic-dev-backup-001 | rg-pf-pic-dev-data-001 | rg-pf-pic-dev-network-001";"Microsoft.DataProtection/BackupVaults | Microsoft.DocumentDb/databaseAccounts | microsoft.insights/actiongroups | Microsoft.Network/ipGroups | Microsoft.Network/networkInterfaces | Microsoft.Network/networkSecurityGroups | Microsoft.Network/networkWatchers | Microsoft.Network/networkWatchers/flowLogs | Microsoft.Network/privateEndpoints | Microsoft.Network/routeTables | Microsoft.Network/virtualNetworks | Microsoft.RecoveryServices/vaults | Microsoft.Storage/storageAccounts | Microsoft.Web/serverFarms | Microsoft.Web/sites";"2026-04-03 10:05:21"
"pf-pbi-stg";"5b04e247-1aec-4179-a30e-a07c1dff524f";"28";"0";"28";"6";"NetworkWatcherRG | networkwatcherrg | rg-pf-pic-stg-app-001 | rg-pf-pic-stg-backup-001 | rg-pf-pic-stg-data-001 | rg-pf-pic-stg-network-001";"Microsoft.DataProtection/BackupVaults | Microsoft.DocumentDb/databaseAccounts | Microsoft.Network/ipGroups | Microsoft.Network/networkInterfaces | Microsoft.Network/networkSecurityGroups | Microsoft.Network/networkWatchers | microsoft.network/networkWatchers/flowLogs | Microsoft.Network/networkWatchers/flowLogs | Microsoft.Network/privateEndpoints | Microsoft.Network/routeTables | Microsoft.Network/virtualNetworks | Microsoft.RecoveryServices/vaults | Microsoft.Storage/storageAccounts | Microsoft.Web/serverFarms | Microsoft.Web/sites";"2026-04-03 10:05:21"
"pf-pic-dev";"fc6f12c7-299f-4db3-a893-eb1dba8b4673";"28";"0";"28";"6";"NetworkWatcherRG | networkwatcherrg | rg-pf-pic-stg-app-001 | rg-pf-pic-stg-backup-001 | rg-pf-pic-stg-data-001 | rg-pf-pic-stg-network-001";"Microsoft.DataProtection/BackupVaults | Microsoft.DocumentDb/databaseAccounts | Microsoft.Network/ipGroups | Microsoft.Network/networkInterfaces | Microsoft.Network/networkSecurityGroups | Microsoft.Network/networkWatchers | microsoft.network/networkWatchers/flowLogs | Microsoft.Network/networkWatchers/flowLogs | Microsoft.Network/privateEndpoints | Microsoft.Network/routeTables | Microsoft.Network/virtualNetworks | Microsoft.RecoveryServices/vaults | Microsoft.Storage/storageAccounts | Microsoft.Web/serverFarms | Microsoft.Web/sites";"2026-04-03 10:05:22"
"pf-pic-stg";"d360e93d-a541-463a-9086-c79ba9892a4b";"69";"1";"68";"11";"AzureBackupRG_westeurope_1 | NetworkWatcherRG | networkwatcherrg | rg-pf-sap-prd-ern-controlm | RG-PF-SAP-PRD-ERN-CONTROLM | rg-pf-sap1-prd-backup-001 | rg-pf-sap1-prd-data-001 | rg-pf-sap1-prd-datamigration-001 | rg-pf-sap1-prd-erf-contentserver | RG-PF-SAP1-PRD-ERF-CONTENTSERVER | rg-pf-sap1-prd-network";"Microsoft.Compute/disks | Microsoft.Compute/restorePointCollections | Microsoft.Compute/sshPublicKeys | Microsoft.Compute/virtualMachines | microsoft.compute/virtualMachines/extensions | Microsoft.Compute/virtualMachines/extensions | microsoft.insights/actiongroups | microsoft.insights/metricalerts | Microsoft.Network/networkInterfaces | Microsoft.Network/networkSecurityGroups | Microsoft.Network/networkWatchers | Microsoft.Network/networkWatchers/flowLogs | Microsoft.Network/privateEndpoints | Microsoft.Network/routeTables | Microsoft.Network/virtualNetworks | Microsoft.RecoveryServices/vaults | Microsoft.Sql/servers | Microsoft.Sql/servers/databases | Microsoft.Storage/storageAccounts";"2026-04-03 10:05:23"
"pf-pie-dev";"15b188ff-29ed-49f4-b0d2-c039fcad061f";"9";"0";"9";"2";"NetworkWatcherRG | rg-pf-hub-connectivity-sdwan";"Microsoft.Network/networkSecurityGroups | Microsoft.Network/networkWatchers | Microsoft.Network/routeTables | Microsoft.Network/virtualNetworkGateways | Microsoft.Network/virtualNetworks";"2026-04-03 10:05:24"
"pf-sap-dev";"48be0574-2d8e-40f8-b43f-5f95d77e3072";"61";"1";"60";"10";"AzureBackupRG_westeurope_1 | NetworkWatcherRG | networkwatcherrg | rg-pf-sap1-stg-backup-001 | rg-pf-sap1-stg-data-001 | rg-pf-sap1-stg-erf-contentserver | RG-PF-SAP1-STG-ERF-CONTENTSERVER | rg-pf-sap1-stg-ern-controlm | RG-PF-SAP1-STG-ERN-CONTROLM | rg-pf-sap1-stg-network";"Microsoft.Compute/disks | Microsoft.Compute/restorePointCollections | Microsoft.Compute/sshPublicKeys | Microsoft.Compute/virtualMachines | Microsoft.Compute/virtualMachines/extensions | microsoft.insights/actiongroups | microsoft.insights/metricalerts | Microsoft.Network/networkInterfaces | Microsoft.Network/networkSecurityGroups | Microsoft.Network/networkWatchers | Microsoft.Network/networkWatchers/flowLogs | Microsoft.Network/privateEndpoints | Microsoft.Network/routeTables | Microsoft.Network/virtualNetworks | Microsoft.RecoveryServices/vaults | Microsoft.Sql/servers | Microsoft.Sql/servers/databases";"2026-04-03 10:05:23"
"pf-sap-prd";"2aefe686-1176-4da6-85ae-493b3558ee79";"49";"0";"49";"8";"NetworkWatcherRG | rg-pf-smc-dev-aca-001 | rg-pf-smc-dev-aca-001_aca-managed | rg-pf-smc-dev-app-001 | rg-pf-smc-dev-backup-001 | rg-pf-smc-dev-data-001 | rg-pf-smc-dev-network-001 | rg-policy-evh";"Microsoft.App/containerApps | Microsoft.App/managedEnvironments | Microsoft.App/managedEnvironments/certificates | Microsoft.DataProtection/BackupVaults | Microsoft.DocumentDb/databaseAccounts | microsoft.insights/actiongroups | microsoft.insights/components | Microsoft.KeyVault/vaults | Microsoft.ManagedIdentity/userAssignedIdentities | Microsoft.Network/ipGroups | Microsoft.Network/loadBalancers | Microsoft.Network/networkInterfaces | Microsoft.Network/networkSecurityGroups | Microsoft.Network/networkWatchers | microsoft.network/networkWatchers/flowLogs | Microsoft.Network/privateDnsZones | Microsoft.Network/privateDnsZones/virtualNetworkLinks | Microsoft.Network/privateEndpoints | Microsoft.Network/routeTables | Microsoft.Network/virtualNetworks | Microsoft.Portal/dashboards | Microsoft.RecoveryServices/vaults | Microsoft.Search/searchServices | Microsoft.Storage/storageAccounts | Microsoft.Web/serverFarms | Microsoft.Web/sites";"2026-04-03 10:05:24"
"pf-sap-stg";"2360e410-6753-4843-86e9-ea90a885ad33";"49";"0";"49";"8";"NetworkWatcherRG | rg-pf-smc-dev-aca-001 | rg-pf-smc-dev-aca-001_aca-managed | rg-pf-smc-dev-app-001 | rg-pf-smc-dev-backup-001 | rg-pf-smc-dev-data-001 | rg-pf-smc-dev-network-001 | rg-policy-evh";"Microsoft.App/containerApps | Microsoft.App/managedEnvironments | Microsoft.App/managedEnvironments/certificates | Microsoft.DataProtection/BackupVaults | Microsoft.DocumentDb/databaseAccounts | microsoft.insights/actiongroups | microsoft.insights/components | Microsoft.KeyVault/vaults | Microsoft.ManagedIdentity/userAssignedIdentities | Microsoft.Network/ipGroups | Microsoft.Network/loadBalancers | Microsoft.Network/networkInterfaces | Microsoft.Network/networkSecurityGroups | Microsoft.Network/networkWatchers | microsoft.network/networkWatchers/flowLogs | Microsoft.Network/privateDnsZones | Microsoft.Network/privateDnsZones/virtualNetworkLinks | Microsoft.Network/privateEndpoints | Microsoft.Network/routeTables | Microsoft.Network/virtualNetworks | Microsoft.Portal/dashboards | Microsoft.RecoveryServices/vaults | Microsoft.Search/searchServices | Microsoft.Storage/storageAccounts | Microsoft.Web/serverFarms | Microsoft.Web/sites";"2026-04-03 10:05:25"
"pf-sdwan-prd";"202bb2a1-93c4-4c56-b73f-2bcb55957437";"51";"0";"51";"7";"NetworkWatcherRG | rg-pf-smc-prd-aca-001 | rg-pf-smc-prd-aca-001_aca-managed | rg-pf-smc-prd-app-001 | rg-pf-smc-prd-backup-001 | rg-pf-smc-prd-data-001 | rg-pf-smc-prd-network-001";"Microsoft.App/containerApps | Microsoft.App/managedEnvironments | Microsoft.App/managedEnvironments/certificates | Microsoft.Compute/sshPublicKeys | Microsoft.DataProtection/BackupVaults | Microsoft.DocumentDb/databaseAccounts | microsoft.insights/actiongroups | microsoft.insights/components | Microsoft.KeyVault/vaults | Microsoft.Network/ipGroups | Microsoft.Network/loadBalancers | Microsoft.Network/networkInterfaces | Microsoft.Network/networkSecurityGroups | Microsoft.Network/networkWatchers | microsoft.network/networkWatchers/flowLogs | Microsoft.Network/privateDnsZones | Microsoft.Network/privateDnsZones/virtualNetworkLinks | Microsoft.Network/privateEndpoints | Microsoft.Network/routeTables | Microsoft.Network/virtualNetworks | Microsoft.Portal/dashboards | Microsoft.RecoveryServices/vaults | Microsoft.Search/searchServices | Microsoft.Storage/storageAccounts | Microsoft.Web/serverFarms | Microsoft.Web/sites";"2026-04-03 10:05:25"
"pf-smc-dev";"4db0ddb2-b44a-495d-a4a3-2a72be15b27d";"24";"0";"24";"7";"NetworkWatcherRG | networkwatcherrg | rg-pf-smp-prd-aca-001 | rg-pf-smp-prd-aca-001_aca-managed | rg-pf-smp-prd-backup-001 | rg-pf-smp-prd-data-001 | rg-pf-smp-prd-network-001";"Microsoft.App/containerApps | Microsoft.App/jobs | Microsoft.App/managedEnvironments | Microsoft.App/managedEnvironments/certificates | Microsoft.DataProtection/BackupVaults | Microsoft.KeyVault/vaults | Microsoft.Network/ipGroups | Microsoft.Network/loadBalancers | Microsoft.Network/networkInterfaces | Microsoft.Network/networkSecurityGroups | Microsoft.Network/networkWatchers | Microsoft.Network/networkWatchers/flowLogs | Microsoft.Network/privateDnsZones | Microsoft.Network/privateDnsZones/virtualNetworkLinks | Microsoft.Network/privateEndpoints | Microsoft.Network/routeTables | Microsoft.Network/virtualNetworks | Microsoft.RecoveryServices/vaults | Microsoft.Storage/storageAccounts";"2026-04-03 10:05:26"
"pf-smc-prd";"d01cf53e-67a4-448b-a10e-68754a73e68c";"29";"0";"29";"7";"NetworkWatcherRG | networkwatcherrg | rg-pf-smp-stg-aca-001 | rg-pf-smp-stg-aca-001_aca-managed | rg-pf-smp-stg-backup-001 | rg-pf-smp-stg-data-001 | rg-pf-smp-stg-network-001";"Microsoft.App/containerApps | Microsoft.App/jobs | Microsoft.App/managedEnvironments | Microsoft.App/managedEnvironments/certificates | Microsoft.DataProtection/BackupVaults | Microsoft.DBforMySQL/flexibleServers | Microsoft.KeyVault/vaults | Microsoft.Network/ipGroups | Microsoft.Network/loadBalancers | Microsoft.Network/networkInterfaces | Microsoft.Network/networkSecurityGroups | Microsoft.Network/networkWatchers | Microsoft.Network/networkWatchers/flowLogs | Microsoft.Network/privateEndpoints | Microsoft.Network/routeTables | Microsoft.Network/virtualNetworks | Microsoft.RecoveryServices/vaults | Microsoft.Storage/storageAccounts";"2026-04-03 10:05:26"
"pf-smc-stg";"ea88692c-d61a-40c3-b31a-65b2140318c6";"1";"0";"1";"1";"rg-pf-snowflake-licences";"Microsoft.SaaS/resources";"2026-04-03 10:05:27"
"pf-smp-prd";"02f04ff1-7454-4f03-bb8b-3cdb7bf808f1";"2";"0";"2";"1";"rg-sec-workbook";"microsoft.insights/workbooks";"2026-04-03 10:05:27"
"pf-smp-stg";"32cd9969-b1b2-48df-acfc-5201a3880704";"2";"0";"2";"1";"rg-sec-workbook";"microsoft.insights/workbooks";"2026-04-03 10:05:28"
"pf-snowflake-licences";"89e4d118-0299-44e2-b458-b73cecabd059";"118";"0";"118";"20";"AzureBackupRG_westeurope_1 | LogAnalyticsDefaultResources | MA_amw-pf-mut-stg_westeurope_managed | mc_rg-pf-toolingtransverse-stg-mut-001_aks-pf-mut-s-tt | MC_rg-pf-toolingtransverse-stg-mut-001_aks-pf-mut-s-tt | NetworkWatcherRG | networkwatcherrg | rg-pf-toolingtransverse-stg-akg-001 | rg-pf-toolingtransverse-stg-appgw | rg-pf-toolingtransverse-stg-backup-mut-001 | rg-pf-toolingtransverse-stg-bdd | rg-pf-toolingtransverse-stg-data-mut-001 | rg-pf-toolingtransverse-stg-mut-001 | rg-pf-toolingtransverse-stg-network | rg-pf-toolingtransverse-stg-network-mut-001 | rg-pf-toolingtransverse-stg-pivotcontrolm | RG-PF-TOOLINGTRANSVERSE-STG-PIVOTCONTROLM | rg-pf-toolingtransverse-stg-sftp-001 | rg-pf-toolingtransverse-stg-storage | rg-pf-toolingtransverse-stg-storage-explorer-001";"Microsoft.AlertsManagement/prometheusRuleGroups | Microsoft.Compute/disks | Microsoft.Compute/restorePointCollections | Microsoft.Compute/sshPublicKeys | Microsoft.Compute/virtualMachines | Microsoft.Compute/virtualMachines/extensions | Microsoft.Compute/virtualMachineScaleSets | Microsoft.ContainerService/managedClusters | Microsoft.DataProtection/BackupVaults | Microsoft.DBforPostgreSQL/flexibleServers | Microsoft.DocumentDb/databaseAccounts | Microsoft.Insights/actiongroups | microsoft.insights/actiongroups | microsoft.insights/components | Microsoft.Insights/dataCollectionEndpoints | Microsoft.Insights/dataCollectionRules | Microsoft.Insights/scheduledqueryrules | Microsoft.KeyVault/vaults | Microsoft.ManagedIdentity/userAssignedIdentities | microsoft.monitor/accounts | Microsoft.Network/applicationGateways | Microsoft.Network/ipGroups | Microsoft.Network/loadBalancers | Microsoft.Network/networkInterfaces | Microsoft.Network/networkSecurityGroups | Microsoft.Network/networkWatchers | Microsoft.Network/networkWatchers/flowLogs | Microsoft.Network/privateEndpoints | Microsoft.Network/publicIPAddresses | Microsoft.Network/routeTables | Microsoft.Network/virtualNetworks | microsoft.operationalInsights/querypacks | Microsoft.RecoveryServices/vaults | Microsoft.Storage/storageAccounts | Microsoft.Web/serverFarms | Microsoft.Web/sites";"2026-04-03 10:05:28"
"pf-soc-prd";"80a83484-c5c0-4b6e-817a-7a5a303df715";"118";"0";"118";"20";"AzureBackupRG_westeurope_1 | LogAnalyticsDefaultResources | MA_amw-pf-mut-stg_westeurope_managed | mc_rg-pf-toolingtransverse-stg-mut-001_aks-pf-mut-s-tt | MC_rg-pf-toolingtransverse-stg-mut-001_aks-pf-mut-s-tt | NetworkWatcherRG | networkwatcherrg | rg-pf-toolingtransverse-stg-akg-001 | rg-pf-toolingtransverse-stg-appgw | rg-pf-toolingtransverse-stg-backup-mut-001 | rg-pf-toolingtransverse-stg-bdd | rg-pf-toolingtransverse-stg-data-mut-001 | rg-pf-toolingtransverse-stg-mut-001 | rg-pf-toolingtransverse-stg-network | rg-pf-toolingtransverse-stg-network-mut-001 | rg-pf-toolingtransverse-stg-pivotcontrolm | RG-PF-TOOLINGTRANSVERSE-STG-PIVOTCONTROLM | rg-pf-toolingtransverse-stg-sftp-001 | rg-pf-toolingtransverse-stg-storage | rg-pf-toolingtransverse-stg-storage-explorer-001";"Microsoft.AlertsManagement/prometheusRuleGroups | Microsoft.Compute/disks | Microsoft.Compute/restorePointCollections | Microsoft.Compute/sshPublicKeys | Microsoft.Compute/virtualMachines | Microsoft.Compute/virtualMachines/extensions | Microsoft.Compute/virtualMachineScaleSets | Microsoft.ContainerService/managedClusters | Microsoft.DataProtection/BackupVaults | Microsoft.DBforPostgreSQL/flexibleServers | Microsoft.DocumentDb/databaseAccounts | Microsoft.Insights/actiongroups | microsoft.insights/actiongroups | microsoft.insights/components | Microsoft.Insights/dataCollectionEndpoints | Microsoft.Insights/dataCollectionRules | Microsoft.Insights/scheduledqueryrules | Microsoft.KeyVault/vaults | Microsoft.ManagedIdentity/userAssignedIdentities | microsoft.monitor/accounts | Microsoft.Network/applicationGateways | Microsoft.Network/ipGroups | Microsoft.Network/loadBalancers | Microsoft.Network/networkInterfaces | Microsoft.Network/networkSecurityGroups | Microsoft.Network/networkWatchers | Microsoft.Network/networkWatchers/flowLogs | Microsoft.Network/privateEndpoints | Microsoft.Network/publicIPAddresses | Microsoft.Network/routeTables | Microsoft.Network/virtualNetworks | microsoft.operationalInsights/querypacks | Microsoft.RecoveryServices/vaults | Microsoft.Storage/storageAccounts | Microsoft.Web/serverFarms | Microsoft.Web/sites";"2026-04-03 10:05:29"
"pf-toolingtransverse-dev";"b77b53b6-5620-47c1-9526-ad9854776970";"4";"1";"3";"1";"PFPL";"Microsoft.Sql/servers | Microsoft.Sql/servers/databases | Microsoft.Storage/storageAccounts";"2026-04-03 10:05:29"
"pf-toolingtransverse-prd";"118f6d23-ffdd-4a98-bc95-70865813e108";"1";"0";"1";"1";"Images";"Microsoft.RecoveryServices/vaults";"2026-04-03 10:05:30"
"pf-toolingtransverse-stg";"1e7ae948-967b-42c9-be1d-e94abaca79fa";"1";"0";"1";"1";"RU_Recovery";"Microsoft.RecoveryServices/vaults";"2026-04-03 10:05:30"
"PL Storage Azure Enterprise";"cc96283d-9240-4179-a275-8c4044cb2798";"1";"0";"1";"1";"SG-SRV-BACKUP";"Microsoft.RecoveryServices/vaults";"2026-04-03 10:05:31"
"PT Storage Azure Enterprise";"cfbc0623-2217-4c5f-a212-a8fe4706c02b";"2";"0";"2";"2";"TN | TN-NEW";"Microsoft.RecoveryServices/vaults";"2026-04-03 10:05:31"
"RU Storage Azure Enterprise";"4c02cbfc-99b5-4ff1-b453-95268fdf8520";"2";"0";"2";"2";"TN | TN-NEW";"Microsoft.RecoveryServices/vaults";"2026-04-03 10:05:32"
"SG Storage Azure Enterprise";"5419c43e-d5b1-460d-bf8d-3c269ef28aad";"1";"0";"1";"1";"TW-RESSOURCE";"Microsoft.Storage/storageAccounts";"2026-04-03 10:05:33"
"TN Storage Azure Enterprise";"24d2fff6-9b0b-4157-a3ab-a2e2bd924e38";"2";"0";"2";"1";"US_SRV_BACKUP";"Microsoft.RecoveryServices/vaults | Microsoft.Storage/storageAccounts";"2026-04-03 10:05:33"
"TR Storage Azure Enterprise";"0ca80a3d-f200-48e7-bac2-cb8ce285183a";"2";"0";"2";"1";"US_SRV_BACKUP";"Microsoft.RecoveryServices/vaults | Microsoft.Storage/storageAccounts";"2026-04-03 10:05:34"
"TW Storage Azure Enterprise";"085819d8-d4f8-46f5-bcc2-e966af15a91f";"2";"0";"2";"1";"US_SRV_BACKUP";"Microsoft.RecoveryServices/vaults | Microsoft.Storage/storageAccounts";"2026-04-03 10:05:34"
"US Storage Azure Enterprise";"6f875204-0681-4edd-879c-16a73cf1e91d";"2";"0";"2";"1";"US_SRV_BACKUP";"Microsoft.RecoveryServices/vaults | Microsoft.Storage/storageAccounts";"2026-04-03 10:05:34"
"VN Storage Azure Enterprise";"2abcf94d-aa90-4773-9a75-290ccd3b95b2";"2";"0";"2";"1";"VN-SRV-BACKUP";"Microsoft.RecoveryServices/vaults";"2026-04-03 10:05:35"
"ZA Storage Azure Enterprise";"c949d376-f077-43d2-83bf-f2b2e0ed3f57";"1";"0";"1";"1";"ZA_Backup_Recource_Group";"Microsoft.RecoveryServices/vaults";"2026-04-03 10:05:34"
